Volume Set,Volume,Part Number,E.C.,Card Code,Gate Number,T##,Logic Family,IBM +,IBM -,Logic,Latch,O.C.,Input Lev.,Output Lev.,Defining Pin,A,B,C,D,E,F,G,H,J,K,L,M,N,P,Q,R,G1,G2,G3,G4,G5,G6,G7,G8,G9,G10,G11,G12,Name
1410 SMS,I,370083,113628,DAW,1,,SDTRL,+A,-O,NAND,,OC,S,,P,,,,O,,,,,,,,,,P,Q,R,,,,,,,,,,,,,"SDTRL - INVERTER, 3 WAY, UNLOADED COLLECTORS"
,,370083,113628,DAW,2,,SDTRL,+A,-O,NAND,,OC,S,,A,A,B,,,O,,,,,K,,,,,,,,,,,,,,,,,,,
,,370083,113628,DAW,3,,SDTRL,+A,-O,NAND,,OC,S,,F,,,O,,,F,G,H,,,,,,,,,,,,,,,,,,,,,
,,370083,113628,DAW,4,,SDTRL,L,L,1K Ohm,,,S,,L,,,,,,,,,,,O,-12,,,,,,,,,,,,,,,,,
,,370084,119692,DAX,1,,SDTRL,+A,-O,NAND,,OC,S,,B,,B,,D,,,O,,,,,,,,,,,,,,,,,,,,,,"SDTRL - INVERTER, 2 WAY, UNLOADED COLLECTORS"
,,370084,119692,DAX,2,,SDTRL,+A,-O,NAND,,OC,S,,E,,,O,,E,F,,,,,,,,,,,,,,,,,,,,,,,
,,370084,119692,DAX,3,,SDTRL,+A,-O,NAND,,OC,S,,Q,,,,,,,,,,O,,,,,Q,R,,,,,,,,,,,,,
,,370084,119692,DAX,4,,SDTRL,+A,-O,NAND,,OC,S,,A,A,,,,,,,H,,,,,,O,,,,,,,,,,,,,,,
,,370084,119692,DAX,5,,SDTRL,L,L,1K Ohm,,,S,,L,,,,,,,,,,,O,-12,,,,,,,,,,,,,,,,,
,,370126,117838,ABN,1,,RELAY,D,D,NOT,,OC,S,,D,O,,,D,,,,,,,,,,,,,,,,,,,,,,,,,ALLOY - FUNCTIONAL COIL DRIVER - 750 MA
,,370126,117838,ABN,2,,RELAY,D,D,NOT,,OC,S,,F,,,O,,,F,,,,,,,,,,,,,,,,,,,,,,,
,,370126,117838,ABN,3,,RELAY,D,D,NOT,,OC,S,,E,,O,,,E,,,,,,,,,,,,,,,,,,,,,,,,
,,370126,117838,ABN,4,,RELAY,D,D,NOT,,OC,S,,H,,,,,,,O,H,,,,,,,,,,,,,,,,,,,,,
,,370129,119692,TAU,1,,SDTRL,+A,-O,NAND,,,S,,B,,B,,D,,,O,,,,,,,,,,,,,,,,,,,,,,SDTRL - 2 WAY INVERTER NUMBER 2
,,370129,119692,TAU,2,,SDTRL,+A,-O,NAND,,,S,,E,,,O,,E,F,,,,,,,,,,,,,,,,,,,,,,,
,,370129,119692,TAU,3,,SDTRL,+A,-O,NAND,,,S,,Q,,,,,,,,,,O,,,,,Q,R,,,,,,,,,,,,,
,,370129,119692,TAU,4,,SDTRL,+A,-O,NAND,,OC,S,,A,A,,,,,,,H,,,,,,O,,,,,,,,,,,,,,,
,,370129,119692,TAU,5,,SDTRL,L,L,1K Ohm,,,S,,L,,,,,,,,,,,O,-12,,,,,,,,,,,,,,,,,
,,370200,116193,DEU,1,,SDTRL,+A,-O,NAND,,,S,,G,,,,,,,G,H,,,,,,,,,,,O,,,,,,,,,,MUP NUMBER 6 WITHOUT LOADS
,,370200,116193,DEU,2,,SDTRL,+A,-O,NAND,,,S,,A,A,B,,,,,,,,,,,,,,,,,O,,,,,,,,,,
,,370200,116193,DEU,3,,SDTRL,+A,-O,NAND,,OC,S,,F,,,,,,O,,,,,,,,,,,G1,G2,,,,G6,,,,,,,
,,370200,116193,DEU,4,,SDTRL,+A,-O,NAND,,,S,,K,,,O,,,,,,,K,L,,,,,,,,,,,,,,,,,,
,,370200,116193,DEU,5,,SDTRL,+A,-O,NAND,,,S,,E,,,,O,E,,,,,,,,,P,,,,,,,,,,,,,,,
,,370200,116193,DEU,6,,SDTRL,+A,-O,NAND,,,S,,Q,,,,,,,,,,,,,,,Q,R,,,O,,,,,,,,,,
,,370201,116193,DFE,1,,SDTRL,+A,-O,NAND,,,S,,D,,,O,D,E,,,,,,,,,,,,,,,,,,,,,,,,MUP NUMBER 16
,,370201,116193,DFE,2,,SDTRL,+A,-O,NAND,,,S,,P,,,,,,,,,,,,,,P,Q,O,,,,,,,,,,,,,
,,370201,116193,DFE,3,,SDTRL,+A,-O,NAND,,OC,S,,A,A,B,,,,F,O,,,,,,,,,,,,,DOT,,,,,,,,,
,,370201,116193,DFE,4,,SDTRL,+A,-O,NAND,,,S,,H,,,,,,,O,H,,K,L,,,,,,,,DOT,,,,,,,,,,
,,370202,116193,DES,1,,SDTRL,+A,-O,NAND,,,S,,A,A,B,,,,,,,,,,,,,,,,O,,,,,,,,,,,MUP NUMBER 5
,,370202,116193,DES,2,,SDTRL,+A,-O,NAND,,,S,,R,,,,,,O,,,,,,,,,,R,G1,,G3,,,,,,,,,,
,,370202,116193,DES,3,,SDTRL,+A,-O,NAND,,,S,,G,,,,,,,G,H,,,,,,,,,,O,,,,,,,,,,,
,,370202,116193,DES,4,,SDTRL,+A,-O,NAND,,,S,,K,,,O,,,,,,,K,L,,,,Q,,,,,,,,,,,,,,
,,370202,116193,DES,5,,SDTRL,+A,-O,NAND,,,S,,E,,,,O,E,,,,,,,,,P,,,,,,,,,,,,,,,
,,370203,113940,DET,1,T9,SDTRL,+A,-O,NAND,,,S,,A,A,B,,,,,,,,,,,,,,,,O,,,,,,,,,,,SDTRL MUP NUMBER 6
,,370203,113940,DET,2,T2,SDTRL,+A,-O,NAND,,,S,,F,,,,,,O,,,,,,,,,,,G1,,G3,,G5,,,,,,,,
,,370203,113940,DET,3,T3,SDTRL,+A,-O,NAND,,,S,,G,,,,,,,G,H,,,,,,,,,,O,,,,,,,,,,,
,,370203,113940,DET,4,T8,SDTRL,+A,-O,NAND,,,S,,K,,,O,,,,,,,K,L,,,,,,,,,,,,,,,,,,
,,370203,113940,DET,5,T5,SDTRL,+A,-O,NAND,,,S,,Q,,,,,,,,,,,,,,,Q,R,,O,,,,,,,,,,,
,,370203,113940,DET,6,T7,SDTRL,+A,-O,NAND,,,S,,E,,,,O,E,,,,,,,,,P,,,,,,,,,,,,,,,
,,370204,116193,DFD,1,,SDTRL,+A,-O,NAND,,,S,,E,,,,,E,F,,,,,,,,,,,,O,,,,,,,,,,,MUP NUMBER 15
,,370204,116193,DFD,2,,SDTRL,+A,-O,NAND,G3,,S,,H,,,,,,,O,H,,,,,,,,,G1,,"I,O",,,,,,,,,,
,,370204,116193,DFD,3,,SDTRL,+A,-O,NAND,G2,,S,,B,O,B,,,,,,,,,,,,,,,,"I,O",,,,,,,,,,,
,,370204,116193,DFD,4,,SDTRL,+A,-O,NAND,,,S,,P,,,,,,,,,,,,,,P,Q,,,,,,O,,,,,,,,
,,370204,116193,DFD,5,,SDTRL,+A,-O,NAND,G6,,S,,K,,,O,,,,,,,K,,,,,,,,,,G4,,"I,O",,,,,,,
,,370204,116193,DFD,6,,SDTRL,+A,-O,NAND,G5,,S,,L,,,,O,,,,,,,L,,,,,,,,,,"I,O",,,,,,,,
,,370205,116194,DFC,1,,SDTRL,+A,-O,NAND,,,S,,A,A,B,,,,O,G,,,,,,,,,,,,,,,,,,,,,,MUP NUMBER 14
,,370205,116194,DFC,2,,SDTRL,+A,-O,NAND,,,S,,H,,,O,,,,G,H,,,,,,P,,,,,,,,,,,,,,,
,,370205,116194,DFC,3,,SDTRL,+A,-O,NAND,,,S,,K,,,,,O,,G,,,K,L,,,,,,,,,,,,,,,,,,
,,370205,116194,DFC,4,,SDTRL,+A,-O,NAND,,,S,,Q,,,,O,,,G,,,,,,,,Q,R,,,,,,,,,,,,,
,,370206,116194,DFB,1,,SDTRL,+A,-O,NAND,,,S,,P,,,,,,,,,,,,,,P,Q,R,,O,,,,,,,,,,,MUP NUMBER 13
,,370206,116194,DFB,2,,SDTRL,+A,-O,NAND,,,S,,C,,,C,O,,,,,,,,,,,,,G1,,,,,,,,,,,,
,,370206,116194,DFB,3,,SDTRL,+A,-O,NAND,,,S,,A,A,B,,,,,,,,,,,,,,,,,,,,O,,,,,,,
,,370206,116194,DFB,4,,SDTRL,+A,-O,NAND,,,S,,K,,,,,,,,,,K,L,,,,,,,,,,O,,,,,,,,
,,370206,116194,DFB,5,,SDTRL,+A,-O,NAND,,OC,S,,E,,,,,E,O,,,,,,,,,,,,,,G4,,,,,,,,,
,,370206,116194,DFB,6,,SDTRL,+A,-O,NAND,,OC,S,,H,,,,,,,O,H,,,,,,,,,,,G3,,,,,,,,,,
,,370207,115990,DEZ,1,,SDTRL,T,T,Trigger,G2,,S,,A,A,B,,,O,,G,,,,,,,,,,,"I,O",,,,,,,,,,,SDTRL MUP NUMBER 11
,,370207,115990,DEZ,2,,SDTRL,T,T,Trigger,G1,,S,,F,,,,,,F,G,O,,,,,,,,,"I,O",,,,,,,,,,,,
,,370207,115990,DEZ,3,,SDTRL,T,T,Trigger,G4,,S,,P,,,O,,,,,,,,,,,P,Q,R,,,,"I,O",,,,,,,,,
,,370207,115990,DEZ,4,,SDTRL,T,T,Trigger,G3,,S,,K,,,,O,,,,,,K,L,,,,,R,,,"I,O",,,,,,,,,,
,,370208,115990,DEY,1,,SDTRL,IP,IP,NOT,,,S,,C,,,O,,,,,,,,,,,,,,,,G3,,,,,,,,,,SDTRL MUP NUMBER 10
,,370208,115990,DEY,2,,SDTRL,IP,IP,NOT,,,S,,D,,,,O,,,,,,,,,,,,,,,,G4,,,,,,,,,
,,370208,115990,DEY,3,,SDTRL,T,T,Trigger,G4,,S,,H,,O,,,,,,H,,K,,,,P,,,O,,,"I,O",,,,,,,,,
,,370208,115990,DEY,4,,SDTRL,T,T,Trigger,G3,,S,,A,A,,,,E,O,,,,,,,,,,,,O,"I,O",,,,,,,,,,
,,370208,115990,DEY,5,,SDTRL,+A,-O,NAND,,,S,,L,,,,,,,O,,,,L,,,,Q,R,,,,,,,,,,,,,
,,370209,113945,DFG,1,T9,SDTRL,+A,-O,NAND,,,S,,D,,,,D,E,F,,,,,,,,,,,,O,,,,,,,,,,,SDTRL MUP NUMBER 18
,,370209,113945,DFG,2,T6,SDTRL,+A,-O,NAND,,,S,,C,,,O,,,,,,,,,,,,,,G1,,G3,,,,,,,,,,
,,370209,113945,DFG,3,T4,SDTRL,+A,-O,NAND,,,S,,G,,,,,,,G,H,,,,,,,,R,,O,,,,,,,,,,,
,,370209,113945,DFG,4,T8,SDTRL,+A,-O,NAND,,,S,,P,,O,,,,,,,,,,,,P,Q,,,,,,,,,,,,,,
,,370209,113945,DFG,5,T7,SDTRL,+A,-O,NAND,,,S,,K,O,,,,,,,,,K,L,,,,,,,,,,,,,,,,,,
,,370210,113945,DEX,1,T9,SDTRL,+A,-O,NAND,,,S,,D,,,,D,E,F,,,,,,,,,,,,O,,,,,,,,,,,SDTRL MUP NUMBER 9
,,370210,113945,DEX,2,T6,SDTRL,+A,-O,NAND,,,S,,C,,,O,,,,,,,,,,,,,,G1,,G3,,,,,,,,,,
,,370210,113945,DEX,3,T4,SDTRL,+A,-O,NAND,,,S,,G,,,,,,,G,H,,,,,,,,,,O,,,,,,,,,,,
,,370210,113945,DEX,4,T8,SDTRL,+A,-O,NAND,,,S,,P,,O,,,,,,,,,,,,P,Q,R,,,,,,,,,,,,,
,,370210,113945,DEX,5,T7,SDTRL,+A,-O,NAND,,,S,,K,O,,,,,,,,,K,L,,,,,,,,,,,,,,,,,,
,,370211,116194,DEW,1,,SDTRL,+A,-O,NAND,,,S,,A,A,O,,,,,,,,,L,,,,,,,,,,,,,,,,,,MUP NUMBER 8
,,370211,116194,DEW,2,,SDTRL,+A,-O,NAND,,,S,,H,,,,,,,O,H,,,L,,,,,,,,,,,,,,,,,,
,,370211,116194,DEW,3,,SDTRL,+A,-O,NAND,,,S,,P,,,,O,,,,,,,L,,,P,,,,,,,,,,,,,,,
,,370211,116194,DEW,4,,SDTRL,+A,-O,NAND,,,S,,Q,,,,,O,,,,,,L,,,,Q,,,,,,,,,,,,,,
,,370211,116194,DEW,5,,SDTRL,+A,-O,NAND,,,S,,R,,,,,,O,,,,,L,,,,,R,,,,,,,,,,,,,
,,370211,116194,DEW,6,,SDTRL,I,I,NOT,,,S,,K,,,O,,,,,,,K,,,,,,,,,,,,,,,,,,,
,,370212,116194,DEQ,1,,SDTRL,+A,-O,NAND,,,S,,E,,,,,E,F,,,,,,,,,Q,,,O,,,,,,,,,,,MUP MUMBER 3
,,370212,116194,DEQ,2,,SDTRL,I,I,NOT,,,S,,R,,,,,,,,,,,,,,,,O,G1,,,,,,,,,,,,
,,370212,116194,DEQ,3,,SDTRL,+A,-O,NAND,,,S,,B,,B,C,,,,,,,,,,,P,,,,,,,,O,,,,,,,
,,370212,116194,DEQ,4,,SDTRL,+A,-O,NAND,,,S,,G,,,,,,,G,O,,K,L,,,,,,,,,,O,,,,,,,,
,,370212,116194,DEQ,5,,SDTRL,I,I,NOT,,,S,,A,O,,,,,,,,,,,,,,,,,,,G4,,,,,,,,,
,,370212,116194,DEQ,6,,SDTRL,I,I,NOT,,,S,,D,,,,O,,,,,,,,,,,,,,,G3,,,,,,,,,,
,,370213,113945,DER,1,,SDTRL,+A,-O,NAND,,,S,,P,,,,,,,,,,,,,,P,,R,,O,DOT,,,,,,,,,,MUP NUMBER 4
,,370213,113945,DER,2,,SDTRL,I,I,NOT,,,S,,H,,,,,,,,O,,,,,,,,,DIT,,DIT,,,,,,,,,,
,,370213,113945,DER,3,,SDTRL,+A,-O,NAND,,OC,S,,A,A,B,,,,F,,,,,,,,,,,DOT,O,,,,,,,,,,,
,,370213,113945,DER,4,,SDTRL,+A,-O,NAND,,,S,,C,,,C,D,,,G,,,,,,,,,,,,,,O,DOT,,,,,,,
,,370213,113945,DER,5,,SDTRL,I,I,NOT,,,S,,E,,,,,O,,,,,,,,,,,,,,,DIT,,DIT,,,,,,,
,,370213,113945,DER,6,,SDTRL,+A,-O,NAND,,OC,S,,K,,,,,,,,,,K,L,,,,Q,,,,,DOT,O,,,,,,,,
,,370214,113945,DEV,1,T6,SDTRL,+A,-O,NAND,,,S,,C,,,C,,,,,,,K,,,,,,,,,,O,,,,,,,,,SDTRL MUP NUMBER 7
,,370214,113945,DEV,2,T2,SDTRL,+A,-O,NAND,,,S,,F,,,,,,F,G,,,,,,,,,,,,O,,,,,,,,,,
,,370214,113945,DEV,3,T1,SDTRL,+A,-O,NAND,,,S,,A,O,,,,,,,,,,,,,,,,,G2,,,,G6,,,,,,,
,,370214,113945,DEV,4,T4,SDTRL,+A,-O,NAND,,,S,,E,,,,,O,,,,,,,,,,,,G1,,,,G4,,,,,,,,
,,370214,113945,DEV,5,T5,SDTRL,+A,-O,NAND,,,S,,D,,,,D,,,,,,,,,,,,R,,,,O,,,,,,,,,
,,370214,113945,DEV,6,T3,SDTRL,+A,-O,NAND,,,S,,H,,,,,,,,H,,,L,,,,,,,,O,,,,,,,,,,
,,370214,113945,DEV,7,T8,SDTRL,+A,-O,NAND,,,S,,Q,,O,,,,,,,,,,,,P,Q,,,,,,,,,,,,,,
,,370215,113945,AEK,1,,SDTRL,IP,IP,NOT,,,S,,D,,,O,D,DIT,,,,,,,,,,,,,,,,,,,,,,,,SDTRL 40 BASE INVERTING MESA ALLOY POWER DRIVER
,,370215,113945,AEK,2,,SDTRL,IP,IP,NOT,,,S,,F,O,,,,,F,DIT,,,,,,,,,,,,,,,,,,,,,,
,,370215,113945,AEK,3,,SDTRL,IP,IP,NOT,,,S,,P,,DIT,,,,,,O,,,,,,P,,,,,,,,,,,,,,,
,,370216,121009,DEF,1,,SDTDL,-A,+O,NOR,,,Y,,A,A,B,,,,,O,,,,,,,,,,,,,,,,,,,,,,SDTDL - FOUR 2 WAY N AND LOGIC BLOCKS WITH LOADS
,,370216,121009,DEF,2,,SDTDL,-A,+O,NOR,,,Y,,D,,,O,D,E,,,,,,,,,,,,,,,,,,,,,,,,
,,370216,121009,DEF,3,,SDTDL,-A,+O,NOR,,,Y,,H,,,,,,O,,H,,,L,,,,,,,,,,,,,,,,,,
,,370216,121009,DEF,4,,SDTDL,-A,+O,NOR,,,Y,,P,,,,,,,,,,,,,,P,Q,O,,,,,,,,,,,,,
,,370217,121009,DEG,1,,SDTDL,-A,+O,NOR,,OC,Y,,A,A,B,,,,,O,,,,,,,,,,,,,,,,,,,,,,SDTDL FOUR 2-WAY N AND LOGIC BLOCKS WITHOUT LOADS
,,370217,121009,DEG,2,,SDTDL,-A,+O,NOR,,OC,Y,,D,,,O,D,E,,,,,,,,,,,,,,,,,,,,,,,,
,,370217,121009,DEG,3,,SDTDL,-A,+O,NOR,,OC,Y,,H,,,,,,O,,H,,,L,,,,,,,,,,,,,,,,,,
,,370217,121009,DEG,4,,SDTDL,-A,+O,NOR,,OC,Y,,P,,,,,,,,,,,,, ,P,Q,O,,,,,,,,,,,,,
,,370218,114383,DEH,1,,SDTDL,-A,+O,NOR,,,Y,,E,,,,,E,F,G,,,,O,,,,,,,,,,,,,,,,,,SDTDL - THREE 3-WAY N AND LOGIC BLOCKS WITH LOADS
,,370218,114383,DEH,2,,SDTDL,-A,+O,NOR,,,Y,,A,A,B,O,D,,,,,,,,,,,,,,,,,,,,,,,,,
,,370218,114383,DEH,3,,SDTDL,-A,+O,NOR,,,Y,,H,,,,,,,,H,,,,,,O,Q,R,,,,,,,,,,,,,
,,370219,114383,DEJ,1,,SDTDL,-A,+O,NOR,,OC,Y,,E,,,,,E,F,G,,,,O,,,,,,,,,,,,,,,,,,SDTDL THREE 3-WAY N AND LOGIC BLOCKS WITHOUT LOADS
,,370219,114383,DEJ,2,,SDTDL,-A,+O,NOR,,OC,Y,,H,,,,,,,,H,,,,,,O,Q,R,,,,,,,,,,,,,
,,370219,114383,DEJ,3,,SDTDL,-A,+O,NOR,,OC,Y,,A,A,B,O,D,,,,,,,,,,,,,,,,,,,,,,,,,
,,370220,114383,DEK,1,,SDTDL,-A,+O,NOR,,,Y,,A,A,B,C,D,E,,O,,,,,,,,,,,,,,,,,,,,,,SDTDL - TWO 5-WAY N AND LOGIC BLOCKS WITH LOADS
,,370220,114383,DEK,2,,SDTDL,-A,+O,NOR,,,Y,,F,,,,,,F,,H,,,L,,,O,Q,R,,,,,,,,,,,,,
,,370221,114383,DEL,1,,SDTDL,-A,+O,NOR,,OC,Y,,A,A,B,C,D,E,,O,,,,,,,,,,,,,,,,,,,,,,STDTL TWO 5-WAY N AND LOGIC BLOCKS WITHOUT LOADS
,,370221,114383,DEL,2,,SDTDL,-A,+O,NOR,,OC,Y,,F,,,,,,F,,H,,,L,,,O,Q,R,,,,,,,,,,,,,
,,370222,113946,DEM,1,,SDTDL,T,T,Trigger,G2,,Y,,A,O,B,C,D,,,,,,,,,,,,,,"I,O",,,,,,,,,,,STDTL - TRIGGER
,,370222,113946,DEM,2,,SDTDL,T,T,Trigger,G1,,Y,,G,,,,,,,G,,,,,,,P,O,R,"I,O",,,,,,,,,,,,
,,370223,113946,DFF,1,T15,SDTRL,+A,-O,NAND,,,S,,R,,,,,,,,,,,,,,,,O,,DIT,,,DIT,DIT,,,,,,,SDTRL MUP NUMBER 17
,,370223,113946,DFF,2,T14,SDTRL,+A,-O,NAND,,,S,,,,,,,,,,H,,K,L,,,,,,O,,,,DOT,DOT,,,,,,,
,,370223,113946,DFF,3,T16,SDTRL,+A,-O,NAND,,,S,,G,,,,,,,G,,,,,,,P,O,,,,,,,,,,,,,,
,,370223,113946,DFF,4,T1,SDTRL,+A,-O,NAND,,,S,,,,,,,,,,H,,K,L,,,,,,,,,,,,O,DOT,DOT,,,,
,,370223,113946,DFF,5,T10,SDTRL,+A,-O,NAND,,OC,S,,,,,,,E,F,,,,,,,,,,,O,DOT,,,,DOT,,,,,,,
,,370223,113946,DFF,6,T4,SDTRL,+A,-O,NAND,,OC,S,, ,,B,C,D,,,,,,,,,,,,,O,DOT,,,DOT,,,,,,,,
,,370223,113946,DFF,7,T12,SDTRL,+A,-O,NAND,,,S,,A,O,,,,,,,,,,,,,,,,,,,DIT,,,,DIT,DIT,,,,
,,370223,113946,DFF,8,T8,SDTRL,+A,-O,NAND,,,S,,,,,,,E,F,,,,,,,,,,,,,,DOT,,,O,,DOT,,,,
,,370223,113946,DFF,9,T6,SDTRL,+A,-O,NAND,,,S,,,,B,C,D,,,,,,,,,,,,,,,,DOT,,,O,DOT,,,,,
,,370224,116192,DFA,1,,SDTRL,+A,-O,NAND,G2,,S,,K,,,,,,,,,,K,L,,,O,,,,"I,O",,O,,,,,,,,,MUP NUMBER 12
,,370224,116192,DFA,2,,SDTRL,+A,-O,NAND,G1,,S,,Q,,,,,,,,,,,,,,,Q,R,"I,O",,O,,,,,,,,,,
,,370224,116192,DFA,3,,SDTRL,I,I,NOT,,,S,,B,,O,,,,,,,,,,,,,,,,G2,,,,,,,,,,,
,,370224,116192,DFA,4,,SDTRL,I,I,NOT,,,S,,C,,,O,,,,,,,,,,,,,,G1,,,,,,,,,,,,
,,370224,116192,DFA,5,,SDTRL,+A,-O,NAND,G6,,S,,A,A,,,,,O,G,,,,,,,,,,,,,,,"I,O",,O,,,,,
,,370224,116192,DFA,6,,SDTRL,+A,-O,NAND,G5,,S,,H,,,,,,,,H,,,,,,,,,,,,,"I,O",,O,,,,,,
,,370224,116192,DFA,7,,SDTRL,I,I,NOT,,,S,,E,,,,,O,,,,,,,,,,,,,,,,,G6,,,,,,,
,,370224,116192,DFA,8,,SDTRL,I,I,NOT,,,S,,D,,,,O,,,,,,,,,,,,,,,,,G5,,,,,,,,
,,370225,119217,DFQ,1,,SDTRL,IP,IP,NOT,,,S,Y,B,O,B,,,,,,,,,X,,,,,,,,,,,,,,,,,,INVERTING POWER DRIVER
,,370225,119217,DFQ,2,,SDTRL,IP,IP,NOT,,,S,Y,R,,,X,O,,,,,,,,,,,,R,,,,,,,,,,,,,
,,370225,119217,DFQ,3,,SDTRL,IP,IP,NOT,,,S,Y,Q,,,,,,,,,,,,,,O,Q,,,,,,,,,,,,,,
,,370226,113150,DFR,1,,SDTDL,P,P,EQUAL,,,Y,,H,,,,,,,,H,,,O,,,,,X,,,,,,,,,,,,,SDTDL NON INVERTING POWER DRIVER
,,370226,113150,DFR,2,,SDTDL,P,P,EQUAL,,,Y,,C,O,,C,,,X,,,,,,,,,,,,,,,,,,,,,,,
,,370226,113150,DFR,3,,SDTDL,P,P,EQUAL,,,Y,,D,,X,,D,O,,,,,,,,,,,,,,,,,,,,,,,,
,,370226,113150,DFR,4,,SDTDL,P,P,EQUAL,,,Y,,P,,,,,,,X,,,,,,,P,O,,,,,,,,,,,,,,
,,370227,113625,DFN,1,T14,SDTRL,+A,-O,NAND,G4,,S,,F,,,,,,F,,,,,,,,,,,,G2,O,"I,O",,,,,,,,,SDTRL MUP # 2
,,370227,113625,DFN,2,T15,SDTRL,+A,-O,NAND,,,S,,P,,,,,,,,,,,,,,P,Q,R,O,,,,,,,,,,,,
,,370227,113625,DFN,3,T2,SDTRL,+A,-O,NAND,,,S,,D,,,,O,,,,,,K,,,,,,,G1,,,,,,,,,,,,
,,370227,113625,DFN,4,T13,SDTRL,+A,-O,NAND,G1,,S,,,,,,,,,,,,,L,,,,,,"I,O",,,,,,,,,,,,
,,370227,113625,DFN,5,T5,SDTRL,+A,-O,NAND,,,S,,B,,B,C,,,,,,,,,,,,,R,,,,,,O,,,,,,,
,,370227,113625,DFN,6,T7,SDTRL,+A,-O,NAND,G8,,S,,H,,,,,,,,H,,,,,,,,,,,,,G5,,,"I,O",,,,,
,,370227,113625,DFN,7,T11,SDTRL,+A,-O,NAND,,,S,,A,,,,,,,,,,K,,,,,,,,,,,,G6,,,,,,,
,,370227,113625,DFN,8,T9,SDTRL,+A,-O,NAND,G6,,S,,,,,,,,,,,,,L,,,,,,,,,,,"I,O",,,,,,,
,,370228,121009,DFP,1,T4,SDTRL,+A,-O,NAND,,,S,,G,,,,,,,G,,,,L,,,,,R,,,O,,,,,,,,,,SDTRL MUP NUMBER 20
,,370228,121009,DFP,2,R18,SDTRL,L,L,1K Ohm,,,S,,,,,,,,O,,,,,,-12,,,,,,,,,,,,,,,,,
,,370228,121009,DFP,3,T2,SDTRL,+A,-O,NAND,,OC,S,,D,,,,O,,,,,,,,,,,,,G1,,,G4,,G6,,,,,,,
,,370228,121009,DFP,4,T5,SDTRL,+A,-O,NAND,,,S,,H,,,,,,,,H,,,,,,P,Q,,,,O,,,,,,,,,,
,,370228,121009,DFP,5,T9,SDTRL,I,I,NOT,,,S,,E,,,,,E,,,,,O,,,,,,,,,,,,,,,,,,,
,,370228,121009,DFP,6,T6,SDTRL,+A,-O,NAND,,,S,,A,A,B,C,,,,,,,,,,,,,,,,O,,,,,,,,,,
,,370229,113941,DFM,1,T15,SDTRL,+A,-O,NAND,,,S,,P,,,,,,,,,,,,,,P,Q,R,,O,,,,,,,,,,,SDTRL MUP #1
,,370229,113941,DFM,2,T14,SDTRL,+A,-O,NAND,G5,,S,,,,,,,,,,,,,,,,,,,G1,,,O,"I,O",,,,,,,,
,,370229,113941,DFM,3,T3,SDTRL,+A,-O,NAND,,OC,S,,E,,,,O,E,F,,,,,,,,,,,,,,G4,,,,,,,,,
,,370229,113941,DFM,4,T1,SDTRL,+A,-O,NAND,,,S,,,,,,,,,,,,K,,,,,,,,G2,,,,,,,,,,,
,,370229,113941,DFM,5,T13,SDTRL,+A,-O,NAND,G2,,S,,,,,,,,,,,,,L,,,,,,,"I,O",,,,,,,,,,,
,,370229,113941,DFM,6,T5,SDTRL,+A,-O,NAND,,,S,,B,,B,C,,,,,,,,,,,,,R,,,,,,,,O,,,,,
,,370229,113941,DFM,7,T12,SDTRL,+A,-O,NAND,,OC,S,,G,O,,,,,,G,H,,,,,,,,,,,,,,,,,G9,,,,
,,370229,113941,DFM,8,T7,SDTRL,+A,-O,NAND,G10,,S,,,,,,,,,,,,,,,,,,,,,,,,G6,,,O,"I,O",,,
,,370229,113941,DFM,9,T11,SDTRL,+A,-O,NAND,,,S,,,,,,,,,,,,K,,,,,,,,,,,,,O,G8,,,,,
,,370229,113941,DFM,10,T9,SDTRL,+A,-O,NAND,G8,,S,,,,,,,,,,,,,L,,,,,,,,,,,,,"I,O",,,,,
,,370230,113946,DFL,1,D42,SDTDL,-A,,OR,,,Y,,E,,,,,E,F,,,,,L,,,,,,,O,,,,,,,,,,,SDTDL MUP #2
,,370230,113946,DFL,2,T7,SDTDL,,-O,NAND,,OC,Y,,,,,O,,,,,,,,,,,,,,G1,,G3,G4,G5,,,,,,,,
,,370230,113946,DFL,3,D17,SDTDL,-A,,OR,,,Y,,P,,,,,,,,,,,L,,,P,Q,,,O,,,,,,,,,,,
,,370230,113946,DFL,4,D31,SDTDL,-A,,OR,,,Y,,G,,B,,,,,G,H,,,,,,,,,,O,,,,,,,,,,,
,,370230,113946,DFL,5,D3,SDTDL,-A,,OR,,,Y,,A,A,B,,,,,,,,,,,,,,R,,O,,,,,,,,,,,
,,370231,119304,DFK,1,T4,SDTRL,DE,DE,EQUAL,,,S,,G,,,,,,,G,,,,O,,,,,,,,,,,,,,,,,,SDTRL-DRIVER LOW POWER NON-INVERTING
,,370231,119304,DFK,2,T3,SDTRL,DE,DE,EQUAL,,,S,,H,,O,,,,,,H,,,,,,,,,,,,,,,,,,,,,
,,370231,119304,DFK,3,T2,SDTRL,DE,DE,EQUAL,,,S,,R,O,,,,,,,,,,,,,,,R,,,,,,,,,,,,,
,,370231,119304,DFK,4,T7,SDTRL,DE,DE,EQUAL,,,S,,D,,,O,D,,,,,,,,,,,,,,,,,,,,,,,,,
,,370231,119304,DFK,5,T7,SDTRL,DE,DE,EQUAL,,,S,,E,,,,,E,,,,,,,,,,O,,,,,,,,,,,,,,
,,370231,119304,DFK,6,T7,SDTRL,DE,DE,EQUAL,,,S,,F,,,,,,F,,,,O,,,,,,,,,,,,,,,,,,,
,,370232,117824,DFJ,1,R39,,L,L,1.6K Ohm,,,,,A,O,,,,,,,,,,,-12,,,,,,,,,,,,,,,,,TDL & TRL LOAD CARD
,,370232,117824,DFJ,2,R31,,L,L,1.6K Ohm,,,,,G,,,,,,,O,,,,,-12,,,,,,,,,,,,,,,,,
,,370232,117824,DFJ,3,R41,,L,L,1.6K Ohm,,,,,B,,O,,,,,,,,,,-12,,,,,,,,,,,,,,,,,
,,370232,117824,DFJ,4,R29,,L,L,1.6K Ohm,,,,,H,,,,,,,,O,,,,-12,,,,,,,,,,,,,,,,,
,,370232,117824,DFJ,5,R43,,L,L,1.6K Ohm,,,,,C,,,O,,,,,,,,,-12,,,,,,,,,,,,,,,,,
,,370232,117824,DFJ,6,R17,,L,L,1.6K Ohm,,,,,L,,,,,,,,,,,O,-12,,,,,,,,,,,,,,,,,
,,370232,117824,DFJ,7,R37,,L,L,1.6K Ohm,,,,,D,,,,O,,,,,,,,-12,,,,,,,,,,,,,,,,,
,,370232,117824,DFJ,8,R11,,L,L,1.6K Ohm,,,,,P,,,,,,,,,,,,-12,,O,,,,,,,,,,,,,,,
,,370232,117824,DFJ,9,R35,,L,L,1.6K Ohm,,,,,E,,,,,O,,,,,,,-12,,,,,,,,,,,,,,,,,
,,370232,117824,DFJ,10,R13,,L,L,1.6K Ohm,,,,,Q,,,,,,,,,,,,-12,,,O,,,,,,,,,,,,,,
,,370232,117824,DFJ,11,R33,,L,L,1.6K Ohm,,,,,F,,,,,,O,,,,,,-12,,,,,,,,,,,,,,,,,
,,370232,117824,DFJ,12,R15,,L,L,1.6K Ohm,,,,,R,,,,,,,,,,,,-12,,,,O,,,,,,,,,,,,,
,,370234,116019,DFS,1,T1,SDTRL,I,I,NOT,,OC,S,,A,A,,,,,O,,,,,,,,,,,,,,,,,,,,,,,LOW POWER INVERTER
,,370234,116019,DFS,2,R8,SDTRL,L,L,300 Ohm,,,S,,H,,,,,,,,O,,,,-12,,,,,,,,,,,,,,,,,
,,370234,116019,DFS,3,T5,SDTRL,I,I,NOT,,OC,S,,L,,,,,,,,,,,L,,,,,O,,,,,,,,,,,,,
,,370234,116019,DFS,4,R7,SDTRL,L,L,300 Ohm,,,S,,G,,,,,,,O,,,,,-12,,,,,,,,,,,,,,,,,
,,370234,116019,DFS,5,T2,SDTRL,I,I,NOT,,OC,S,,K,,O,,,,,,,,K,,,,,,,,,,,,,,,,,,,
,,370234,116019,DFS,6,R6,SDTRL,L,L,300 Ohm,,,S,,E,,,,,O,,,,,,,-12,,,,,,,,,,,,,,,,,
,,370234,116019,DFS,7,T4,SDTRL,I,I,NOT,,,S,,Q,,,,D,,,,,,,,,,,Q,,,,,,,,,,,,,,
,,370234,116019,DFS,8,T3,SDTRL,I,I,NOT,,,S,,P,,,O,,,,,,,,,,,P,,,,,,,,,,,,,,,
,,370237,116181,DFW,1,T6,SDTRL,D,D,AND,,,S,V,B,,B,C,O,,,,,,,,,,,,,,,,,,,,,,,,,DRIFT Z DRIVER
,,370238,114741,DFV,1,T6,SDTRL,D,D,EQUAL,,,S,V,B,,B,,O,,,,,,,,,,,,,,,,,,,,,,,,,DRIFT X-Y DRIVER
,,370239,114443,DFY,1,T6,SDTRL,GP,GP,NAND,,,S,V,A,A,B,,O,,,,,,,,,,,,,,,,,,,,,,,,,"DRIFT, POWER GATE"
,,370241,116084,DFZ,1,T3,SDTRL,DT,DT,NOT,,,C,S,Q,,O,,,,,,,,,,,,,Q,,,,,,,,,,,,,,SDTRL - SIMPLEX INTERFACE TERMINATOR / GATED
,,370241,116084,DFZ,2,T1,SDTRL,DT,DT,NOT,,,C,S,A,A,,,O,,,,,,,,,,,,,,,,,,,,,,,,,
,,370241,116084,DFZ,3,T6,SDTRL,DT,DT,NOT,,,C,S,E,,,O,,E,,,,,,,,,,,,,,,,,,,,,,,,
,,370241,116084,DFZ,4,T5,SDTRL,DT,DT,NOT,,,C,S,H,,,,,,,,H,,,O,,,,,,,,,,,,,,,,,,
,,370242,116084,DGA,1,T3,SDTRL,DT,DT,NOT,,OC,C,S,Q,,O,,,,,,,,,,,,,Q,,,,,,,,,,,,,,SDTRL - SIMPLEX INTERFACE TERMINATOR / GATED WITHOUT LOADS
,,370242,116084,DGA,2,T1,SDTRL,DT,DT,NOT,,OC,C,S,D,A,,,O,,,,,,,,,,,,,,,,,,,,,,,,,
,,370242,116084,DGA,3,T6,SDTRL,DT,DT,NOT,,OC,C,S,E,,,O,,E,,,,,,,,,,,,,,,,,,,,,,,,
,,370242,116084,DGA,4,T5,SDTRL,DT,DT,NOT,,OC,C,S,H,,,,,,,,H,,,O,,,,,,,,,,,,,,,,,,
,,370244,112418,DGC,1,T2,DELAY,DLY,DLY,150 NS,,,Y,Y,L,O,,,,,,,,,,L,,,,,,,,,,,,,,,,,,SDTDL MEMORY .150 USEC DELAY LINE
,,370245,112418,DGD,1,T2,DELAY,DLY,DLY,280 NS,,,Y,Y,L,O,,,,,,,,,,L,,,,,,,,,,,,,,,,,,SDTDL MEMORY .280 USEC DELAY LINE
,,370246,112418,DGE,1,T2,DELAY,DLY,DLY,425 NS,,,Y,Y,L,O,,,,,,,,,,L,,,,,,,,,,,,,,,,,,SDTDL MEMORY .425 USEC DELAY LINE
,,370248,112418,DGG,1,T2,DELAY,DLY,DLY,1100 NS,,,Y,Y,L,O,,,,,,,,,,L,,,,,,,,,,,,,,,,,,SDTDL MEMORY 1.100 USEC DELAY LINE
,,370249,112418,DGH,1,T2,DELAY,DLY,DLY,1200 NS,,,Y,Y,L,O,,,,,,,,,,L,,,,,,,,,,,,,,,,,,SDTDL MEMORY 1.200 USEC DELAY LINE
,,370250,112418,DGJ,1,T2,DELAY,DLY,DLY,200 NS,,,Y,Y,L,O,,,,,,,,,,L,,,,,,,,,,,,,,,,,,SDTDL MEMORY .200 USEC DELAY LINE
,,370251,115904,DGK,1,T2,DELAY,DLY,DLY,VAR NS,,,Y,Y,L,,O,O,O,O,O,O,,,,L,,,,,,,,,,,,,,,,,,DELAY LINE TAPPED
,,370251,115904,DGK,2,T1,SDTRL,DE,DE,EQUAL,,,,,Q,A,,,,,,,,,,,,,,Q,,,,,,,,,,,,,,
,,370253,119217,DGL,1,T1,SDTDL,-A,+O,NOR,,,Y,Y,A,A,B,C,D,E,F,G,H,,,,,,O,Q,R,,,,,,,,,,,,,1-10 WAY LOGIC BLOCK
,,370255,110163,AET,1,,,CAP,CAP,.047 uf,,,,,B,,O,,,,,,,,,,,,,,,,,,,,,,,,,,,CABLE FILTER CARD
,,370255,110163,AET,2,,,CAP,CAP,.047 uf,,,,,J,,,,,,,,,O,,,,,,,,,,,,,,,,,,,,
,,370255,110163,AET,3,,,CAP,CAP,.047 uf,,,,,C,,,O,,,,,,,,,,,,,,,,,,,,,,,,,,
,,370255,110163,AET,4,,,CAP,CAP,.047 uf,,,,,K,,,,,,,,,,O,,,,,,,,,,,,,,,,,,,
,,370255,110163,AET,5,,,CAP,CAP,.047 uf,,,,,D,,,,O,,,,,,,,,,,,,,,,,,,,,,,,,
,,370255,110163,AET,6,,,CAP,CAP,.047 uf,,,,,L,,,,,,,,,,,O,,,,,,,,,,,,,,,,,,
,,370255,110163,AET,7,,,CAP,CAP,.047 uf,,,,,E,,,,,O,,,,,,,,,,,,,,,,,,,,,,,,
,,370255,110163,AET,8,,,CAP,CAP,.047 uf,,,,,M,,,,,,,,,,,,O,,,,,,,,,,,,,,,,,
,,370255,110163,AET,9,,,CAP,CAP,.047 uf,,,,,F,,,,,,O,,,,,,,,,,,,,,,,,,,,,,,
,,370255,110163,AET,10,,,CAP,CAP,.047 uf,,,,,N,,,,,,,,,,,,,O,,,,,,,,,,,,,,,,
,,370255,110163,AET,11,,,CAP,CAP,.047 uf,,,,,G,,,,,,,O,,,,,,,,,,,,,,,,,,,,,,
,,370255,110163,AET,12,,,CAP,CAP,.047 uf,,,,,P,,,,,,,,,,,,,,O,,,,,,,,,,,,,,,
,,370255,110163,AET,13,,,CAP,CAP,.047 uf,,,,,H,,,,,,,,O,,,,,,,,,,,,,,,,,,,,,
,,370255,110163,AET,14,,,CAP,CAP,.047 uf,,,,,Q,,,,,,,,,,,,,,,O,,,,,,,,,,,,,,
,,370256,116155,DGM,1,T3,SDTDL,-A,+O,NOR,G2,,Y,,,,,,,,,,,,,,,,,,,,"I,O",,,O,O,,,,,,,MUP NO. 1 (MODIFIED)
,,370256,116155,DGM,2,T2,SDTDL,-A,+O,NOR,G1,,Y,,G,,,,,,,G,H,,,,,,,,,"I,O",,,,,,,,,,,,
,,370256,116155,DGM,3,T8,SDTDL,-A,+O,NOR,G4,,Y,,,,,,,,,,,,,,,,,,,,,,"I,O",,,O,O,,,,,
,,370256,116155,DGM,4,T9,SDTDL,-A,+O,NOR,G3,,Y,,F,,,,,,F,,,,,L,,,,,,,,"I,O",,,,,,,,,,
,,370256,116155,DGM,5,T4,SDTDL,-AO,,NOR,,OC,Y,,P,,,,,O,,,,,,,,,P,,,G1,,,,,,,,,,,,
,,370256,116155,DGM,6,T5,SDTDL,-AO,,NOR,,OC,Y,,C,,,C,O,,,,,,,,,,,,,G1,,,,,,,,,,,,
,,370256,116155,DGM,7,T12,SDTDL,-AO,,NOR,,OC,Y,,R,O,,,,,,,,,,,,,,,R,,,G3,,,,,,,,,,
,,370256,116155,DGM,8,T10,SDTDL,-AO,,NOR,,OC,Y,,Q,,O,,,,,,,,,,,,,Q,,,,G3,,,,,,,,,,
,,370258,113941,DGR,1,T2,SDTRL,I,I,NOT,,OC,S,S,A,A,,,,,O,,,,,,,,,,,,,,,,,,,,,,,SDTRL COMPENSATED LOGIC INVERTER
,,370258,113941,DGR,2,R7,SDTRL,L,L,750 Ohm,,,S,S,H,,,,,,,,O,,,,-12,,,,,,,,,,,,,,,,,
,,370258,113941,DGR,3,T9,SDTRL,I,I,NOT,,OC,S,S,L,,,,,,,,,,,L,,,,,O,,,,,,,,,,,,,
,,370258,113941,DGR,4,R5,SDTRL,L,L,750 Ohm,,,S,S,G,,,,,,,O,,,,,-12,,,,,,,,,,,,,,,,,
,,370258,113941,DGR,5,T4,SDTRL,I,I,NOT,,OC,S,S,K,,O,,,,,,,,K,,,,,,,,,,,,,,,,,,,
,,370258,113941,DGR,6,R37,SDTRL,L,L,750 Ohm,,,S,S,E,,,,,O,,,,,,,-12,,,,,,,,,,,,,,,,,
,,370258,113941,DGR,7,T6,SDTRL,I,I,NOT,,,S,S,Q,,,,O,,,,,,,,,,,Q,,,,,,,,,,,,,,
,,370258,113941,DGR,8,T7,SDTRL,I,I,NOT,,,S,S,P,,,C,,,,,,,,,,,P,,,,,,,,,,,,,,,
,,370262,113948,DHE,1,T5,SDTRL,SS,SS,SS,,OC,S,S,B,,B,,,,,,,,K,L,,,P,,,,,,,,,,,,,,,SDTRL - SINGLE SHOT
,,370262,113948,DHE,2,R27,SDTRL,L,L,1K Ohm,,,S,S,C,,,O,,,,,,,,,-12,,,,,,,,,,,,,,,,,
,,370264,116075,DHM,1,,SDTDL,SA,SA,Sense,,,V,Y,A,A,B,,O,,,,,,,,,,,Q,,,,,,,,,,,,,,DRIFT SENSE AMPLIFIER
,,370265,114375,DHL,1,D47,SDTDL,-O,,AND,,,S,Y,"Q,R",,,,,,,,,,,,,,,Q,R,,O,,,,,,,,,,,SDTDL MODIIED DOUBLE LEVEL / LOGIC BLOCK NUMBER 1
,,370265,114375,DHL,2,T12,SDTDL,-A,,NOR,,,Y,S,B,,O,,,,,,,,,,,,,,,G1,,G3,,,,,,,,,,
,,370265,114375,DHL,3,D45,SDTDL,-O,,AND,,,S,Y,"P,L",,,,,,,,,,,L,,,P,,,,O,,,,,,,,,,,
,,370265,114375,DHL,4,D44,SDTDL,-O,,AND,,,S,Y,"R,L",,,,,,,,,,,L,,,,,R,,,,,O,,,,,,,,
,,370265,114375,DHL,5,T8,SDTDL,-A,,NOR,,,Y,S,C,,,O,,,,,,,,,,,,,,,,,G4,,G6,,,,,,,
,,370265,114375,DHL,6,D46,SDTDL,-O,,AND,,,S,Y,"P,Q",,,,,,,,,,,,,,P,Q,,,,,,O,,,,,,,,
,,370265,114375,DHL,7,D27,SDTDL,-O,,AND,,,S,Y,"A,F",A,,,,,F,,,,,,,,,,,,,,,,,,O,,,,,
,,370265,114375,DHL,8,T14,SDTDL,-A,,NOR,,,Y,S,H,,,,,,,,O,,,,,,,,,,,,,,,G7,,G9,,,,
,,370265,114375,DHL,9,D32,SDTDL,-O,,AND,,,S,Y,"E,D",,,,D,E,,,,,,,,,,,,,,,,,,,O,,,,,
,,370265,114375,DHL,10,D30,SDTDL,-O,,AND,,,S,Y,"A,D",A,,,D,,,,,,,,,,,,,,,,,,,,,,,O,,
,,370265,114375,DHL,11,T13,SDTDL,-A,,NOR,,,Y,S,G,,,,,,,O,,,,,,,,,,,,,,,,,,,G10,,G12,
,,370265,114375,DHL,12,D28,SDTDL,-O,,AND,,,S,Y,"E,F",,,,,E,F,,,,,,,,,,,,,,,,,,,,,O,,
,,370369,115990,TAM,1,T6,SDTRL,T,T,Trigger,G2,,S,,A,A,O,,D,E,F,,H,,,,,,,,,,"I,O",,,,,,,,,,,DRIFT-BINARY TRIGGER
,,370369,115990,TAM,2,T2,SDTRL,T,T,Trigger,G1,,S,,C,,,C,,,,,,,K,L,,,O,Q,R,"I,O",,,,,,,,,,,,
,,370414,113144,AJF,1,D34,,L,L,Clamp,,,,,A,A,,,,,,,,,,,,,,,,,,,,,,,,,,,,DIODE CLAMP CARD
,,370414,113144,AJF,2,D33,,L,L,Clamp,,,,,B,,B,,,,,,,,,,,,,,,,,,,,,,,,,,,
,,370414,113144,AJF,3,D32,,L,L,Clamp,,,,,C,,,C,,,,,,,,,,,,,,,,,,,,,,,,,,
,,370414,113144,AJF,4,D31,,L,L,Clamp,,,,,D,,,,D,,,,,,,,,,,,,,,,,,,,,,,,,
,,370414,113144,AJF,5,D30,,L,L,Clamp,,,,,E,,,,,E,,,,,,,,,,,,,,,,,,,,,,,,
,,370414,113144,AJF,6,D29,,L,L,Clamp,,,,,F,,,,,,F,,,,,,,,,,,,,,,,,,,,,,,
,,370414,113144,AJF,7,D27,,L,L,Clamp,,,,,G,,,,,,,G,,,,,,,,,,,,,,,,,,,,,,
,,370414,113144,AJF,8,D25,,L,L,Clamp,,,,,H,,,,,,,,H,,,,,,,,,,,,,,,,,,,,,
,,370414,113144,AJF,9,D21,,L,L,Clamp,,,,,K,,,,,,,,,,K,,,,,,,,,,,,,,,,,,,
,,370414,113144,AJF,10,D6,,L,L,Clamp,,,,,L,,,,,,,,,,,L,,,,,,,,,,,,,,,,,,
,,370414,113144,AJF,11,D16,,L,L,Clamp,,,,,P,,,,,,,,,,,,,,P,,,,,,,,,,,,,,,
,,370414,113144,AJF,12,D15,,L,L,Clamp,,,,,Q,,,,,,,,,,,,,,,Q,,,,,,,,,,,,,,
,,370414,113144,AJF,13,D14,,L,L,Clamp,,,,,R,,,,,,,,,,,,,,,,R,,,,,,,,,,,,,
,,370415,113142,DHN,1,T2,,D,D,NOT,,,B,,B,,B,,O,,,,,,,,,,,,,,,,,,,,,,,,,DRIFT STROBE DRIVER
,,370415,113142,DHN,2,T6,,D,D,NOT,,,A,,A,A,,,,O,,,,,,,,,,,,,,,,,,,,,,,,
1410 SMS,II,370502,112429,DHP,1,T11,SDTRL,+A,-O,NAND,,,S,S,D,,,,D,E,F,,,,,,,,,,,,O,,,,,,,,,,,SDTRL MUP 21
,,370502,112429,DHP,2,T9,SDTRL,+A,-O,NAND,,,S,S,C,,,O,,,,,,,,L,,,,,,G1,,O,,G5,,,,,,,,
,,370502,112429,DHP,3,T6,SDTRL,IPA,IPA,NOT,,,S,S,C,,,C,,,,,,,,,,,,,,,G2,,,,DOT,,,,,,,
,,370502,112429,DHP,4,T5,SDTRL,I,I,NOT,,OC,S,S,B,,B,,,,,,,,,,,,,,,,,,,,DOT,,,,,,,
,,370502,112429,DHP,5,T8,SDTRL,+A,-O,NAND,,,S,S,G,,,,,,,G,H,,K,,,,,,,,O,,,,,,,,,,,
,,370502,112429,DHP,6,T14,SDTRL,IP,IP,UNKNOWN,,,S,S,,O,,,,,,,,,,,,,,,,,,DIT,DIT,,,EN,,,,,,
,,370502,112429,DHP,7,T15,SDTRL,IP,IP,NOT,,,S,S,,,,,,,,,,,,,,,,,,,,,,,,,G8,,,,,
,,370502,112429,DHP,8,T16,SDTRL,+A,-O,NAND,,,S,S,,,,,,,,,,,,,,,P,Q,R,,,,,,,O,,,,,,
,,370503,114364,DHQ,1,T4,SDTRL,D,D,EQUAL,,,S,S,B,,B,,,,,O,,,,,,,,,,,,,,,,,,,,,,SDTRL HIGH POWER NON-INVERTING DRIVER
,,370503,114364,DHQ,2,T2,SDTRL,D,D,EQUAL,,,S,S,L,,,,,O,,,,,,L,,,,,,,,,,,,,,,,,,
,,370503,114364,DHQ,3,T3,SDTRL,D,D,EQUAL,,,S,S,F,,,,,,F,,O,,,,,,,,,,,,,,,,,,,,,
,,370503,114364,DHQ,4,T7,SDTRL,D,D,EQUAL,,,S,S,D,,,O,D,,,,,,,,,,,,,,,,,,,,,,,,,
,,370571,,DHR,1,,SDTRL,+A,-O,NAND,,,S,S,E,,,,,E,F,G,,,,,,,,,,,,O,,,,,,,,,,SDTRL UNKNOWN
,,370571,,DHR,2,,SDTRL,+A,-O,NAND,G3,,S,S,H,,,,,,,,H,,,,,,,,,,,"I,O",,,,,,,,,,
,,370571,,DHR,3,,SDTRL,+A,-O,NAND,G2,,S,S,,,,,,,,,,,,,,,,,,G1,"I,O",,O,,,,,,,,,
,,370571,,DHR,4,,SDTRL,+A,-O,NAND,,,S,S,L,,O,,,,,,,,,L,,,,,,,,G3,,,,,,,,,,
,,370571,,DHR,5,,SDTRL,+A,-O,NAND,,,S,S,P,,,,,,,,,,,,,,P,Q,R,,,,,,,O,,,,,,
,,370571,,DHR,6,,SDTRL,+A,-O,NAND,G7,,S,S,D,,,,D,,,,,,,,,,,,,,,,,,,"I,O",,,,,,
,,370571,,DHR,7,,SDTRL,+A,-O,NAND,G6,,S,S,,,,,,,,,,,,,,,,,,,,,,G5,"I,O",,O,,,,,
,,370571,,DHR,8,,SDTRL,+A,-O,NAND,,,S,S,K,O,,,,,,,,,K,,,,,,,,,,,,,G7,,,,,,
,,370823,117802,TFK,1,,SDTRL,OSC,OSC,1.5 MC,,,,S,,O,,,,,,,,,,,,,,Q,,,,,,,,,,,,,,SDTRL - 1.5 MC CRYSTAL OSCILLATOR
,,370888,113654,TFY,1,T2,SDTRL,+A,-O,NAND,,OC,S,S,A,A,O,,,,,,,,,L,,,,,,,,,,,,,,,,,,SDTRL MUP NUMBER 8-A
,,370888,113654,TFY,2,T6,SDTRL,+A,-O,NAND,,OC,S,S,P,,,,O,,,,,,,L,,,P,,,,,,,,,,,,,,,
,,370888,113654,TFY,3,T3,SDTRL,+A,-O,NAND,,OC,S,S,H,,,,,,,O,H,,,L,,,,,,,,,,,,,,,,,,
,,370888,113654,TFY,4,T5,SDTRL,+A,-O,NAND,,OC,S,S,Q,,,,,O,,,,,,L,,,,Q,,,,,,,,,,,,,,
,,370888,113654,TFY,5,T7,SDTRL,I,I,NOT,,,S,S,K,,,O,,,,,,,K,,,,,,,,,,,,,,,,,,,
,,370888,113654,TFY,6,T4,SDTRL,+A,-O,NAND,,OC,S,S,R,,,,,,O,,,,,,,,,,R,,,,,,,,,,,,,
,,370890,114255,DMN,1,,DDTL,+A,,AND,,,B,B,E,,,,,E,F,,,,,,,,,,,,O,,,,,,,,,,,DDTL-DL4 LOW POWER INVERTERS
,,370890,114255,DMN,2,,DDTL,,+OIP,NOR,,,B,B,C,,,O,,,,,,,,,,,,,,G1,,G3,,,,,,,,,,
,,370890,114255,DMN,3,,DDTL,+A,,AND,,,B,B,D,,,,D,,,,,,,,M,,,,,,O,,,,,,,,,,,
,,370890,114255,DMN,4,,DDTL,+A,,AND,,,B,B,G,,,,,,,G,H,,,,,,,,,,,,,O,,,,,,,,
,,370890,114255,DMN,5,,DDTL,-A,+OIP,NOR,,,B,B,A,O,,,,,,,,,,,,,,,,,,,G4,,G6,,,,,,,
,,370890,114255,DMN,6,,DDTL,+A,,AND,,,B,B,P,,,,,,,,,,,,,,P,Q,,,,,,O,,,,,,,,
,,370890,114255,DMN,7,,DDTL,IP,IP,NOT,,,B,B,K,,O,,,,,,,,K,,,,,,,,,,,,,,,,,,,
,,370891,114255,DMP,1,T5,DDTL,IP,IP,NOT,,,B,B,M,,,,,,,,,,O,,M,,,,,,,,,,,,,,,,,"DDTL-SL4, LOW POWER INVERTERS"
,,370891,114255,DMP,2,T8,DDTL,+A,-O,NAND,,,B,B,C,O,,C,,,,,H,,,,,,P,Q,,,,,,,,,,,,,,
,,370891,114255,DMP,3,T12,DDTL,+A,-O,NAND,,,B,B,D,,O,,D,E,F,G,,,,,,,,,,,,,,,,,,,,,,
,,370892,115945,DMR,1,T4,DDTL,+A,-O,NAND,,,B,B,F,,O,,,,F,G,,,,,M,,,,,,,,,,,,,,,,,"DDTL-SL3, LOW POWER INVERTERS"
,,370892,115945,DMR,2,T7,DDTL,+A,-O,NAND,,,B,B,H,,,,,,,,H,,O,,,,P,Q,,,,,,,,,,,,,,
,,370892,115945,DMR,3,T9,DDTL,+A,-O,NAND,,,B,B,C,O,,C,D,E,,,,,,,,,,,,,,,,,,,,,,,,
,,370893,115945,DMS,1,T9,DDTL,+A,-O,NAND,,,B,B,P,,O,,,,,,,,,,,,P,Q,,,,,,,,,,,,,,"DDTL-SL2, LOW POWER INVERTERS"
,,370893,115945,DMS,2,T8,DDTL,+A,-O,NAND,,,B,B,H,,,O,,,,,H,,K,,,,,,,,,,,,,,,,,,,
,,370893,115945,DMS,3,T5,DDTL,+A,-O,NAND,,,B,B,G,,,,O,,,G,,,,,M,,,,,,,,,,,,,,,,,
,,370893,115945,DMS,4,T4,DDTL,+A,-O,NAND,,,B,B,A,A,,,,O,F,,,,,,,,,,,,,,,,,,,,,,,
,,370894,114262,DMT,1,T12,DDTL,+A,-O,NAND,,,B,B,C,,O,C,D,E,F,G,,,,,,,,,,,,,,,,,,,,,,"DDTL-SL 5,LOW POWER INVERTERS"
,,370894,114262,DMT,2,T8,DDTL,+A,-O,NAND,,,B,B,H,O,,,,,,,H,,K,,M,,P,Q,,,,,,,,,,,,,,
,,370895,115945,DMU,1,T8,DDTL,I,I,NOT,,,B,B,K,,O,,,,,,,,K,,,,,,,,,,,,,,,,,,,"SLI, LOW POWER INVERTERS"
,,370895,115945,DMU,2,T10,DDTL,I,I,NOT,,,B,B,M,,,O,,,,,,,,,M,,,,,,,,,,,,,,,,,
,,370895,115945,DMU,3,T7,DDTL,I,I,NOT,,,B,B,Q,,,,O,,,,,,,,,,,Q,,,,,,,,,,,,,,
,,370895,115945,DMU,4,T5,DDTL,I,I,NOT,,,B,B,H,,,,,O,,,H,,,,,,,,,,,,,,,,,,,,,
,,370895,115945,DMU,5,T4,DDTL,I,I,NOT,,,B,B,G,,,,,,O,G,,,,,,,,,,,,,,,,,,,,,,
,,370895,115945,DMU,6,T2,DDTL,I,I,NOT,,,B,B,P,O,,,,,,,,,,,,,P,,,,,,,,,,,,,,,
,,370897,114694,DMX,1,T11,DDTL,-A,+O,NOR,,,B,B,P,,O,,,,,,,,,,,,P,Q,,,,,,,,,,,,,,"DDTL-DL 2, LOW POWER INVERTERS"
,,370897,114694,DMX,2,T9,DDTL,-A,+O,NOR,,,B,B,F,,,O,,,F,G,,,,,,,,,,,,,,,,,,,,,,
,,370897,114694,DMX,3,T6,DDTL,-A,+O,NOR,,,B,B,K,O,,,,,,,,,K,,M,,,,,,,,,,,,,,,,,
,,370897,114694,DMX,4,T3,DDTL,-A,+O,NOR,,,B,B,E,,,,O,E,,,H,,,,,,,,,,,,,,,,,,,,,
,,370898,114694,DMY,1,T11,DDTL,-A,+O,NOR,,,B,B,M,,O,,,,,,,,,,M,,P,Q,,,,,,,,,,,,,,"DDTL-DL 3, LOW POWER INVERTERS"
,,370898,114694,DMY,2,T9,DDTL,-A,+O,NOR,,,B,B,F,,,O,,,F,G,H,,,,,,,,,,,,,,,,,,,,,
,,370898,114694,DMY,3,T6,DDTL,-A,+O,NOR,,,B,B,D,O,,,D,E,,,,,K,,,,,,,,,,,,,,,,,,,
,,371876,112757,WH-,1,C8,,CAP,CAP,,,,,,B,,B,,,,,,,,,,,,,,,,,,,,,,,,,,,ALLOY-CAPACITOR CARD
,,371876,112757,WH-,2,C9,,,,,,,,,C,,,C,,,,,,,,,,,,,,,,,,,,,,,,,,
,,371876,112757,WH-,3,C10,,,,,,,,,D,,,,D,,,,,,,,,,,,,,,,,,,,,,,,,
,,371876,112757,WH-,4,C11,,,,,,,,,E,,,,,E,,,,,,,,,,,,,,,,,,,,,,,,
,,371876,112757,WH-,5,C12,,,,,,,,,F,,,,,,F,,,,,,,,,,,,,,,,,,,,,,,
,,371876,112757,WH-,6,C13,,,,,,,,,G,,,,,,,G,,,,,,,,,,,,,,,,,,,,,,
,,371876,112757,WH-,7,C14,,,,,,,,,H,,,,,,,,H,,,,,,,,,,,,,,,,,,,,,
,,371876,112757,WH-,8,C7,,,,,,,,,J,,,,,,,,,J,,,,,,,,,,,,,,,,,,,,
,,371876,112757,WH-,9,C6,,,,,,,,,K,,,,,,,,,,K,,,,,,,,,,,,,,,,,,,
,,371876,112757,WH-,10,C5,,,,,,,,,L,,,,,,,,,,,L,,,,,,,,,,,,,,,,,,
,,371876,112757,WH-,11,C4,,,,,,,,,M,,,,,,,,,,,,M,,,,,,,,,,,,,,,,,
,,371876,112757,WH-,12,C3,,,,,,,,,N,,,,,,,,,,,,,N,,,,,,,,,,,,,,,,
,,371876,112757,WH-,13,C2,,,,,,,,,P,,,,,,,,,,,,,,P,,,,,,,,,,,,,,,
,,371876,112757,WH-,14,C1,,,,,,,,,Q,,,,,,,,,,,,,,,Q,,,,,,,,,,,,,,
,,371941,110063,DEA,1,T7,SDTRL,DI,DI,NOT,,,S,,R,,,,,,,,,,O,,,,,,R,,,,,,,,,,,,,"SDTRL - INDICATOR DRIVER, 40 MA"
,,371941,110063,DEA,2,T6,SDTRL,DI,DI,NOT,,,S,,Q,,,,,O,,,,,,,,,,Q,,,,,,,,,,,,,,
,,371941,110063,DEA,3,T2,SDTRL,DI,DI,NOT,,,S,,L,,O,,,,,,,,,L,,,,,,,,,,,,,,,,,,
,,371941,110063,DEA,4,T1,SDTRL,DI,DI,NOT,,,S,,F,O,,,,,F,,,,,,,,,,,,,,,,,,,,,,,
,,371941,110063,DEA,5,T5,SDTRL,DI,DI,NOT,,,S,,P,,,,O,,,,,,,,,,P,,,,,,,,,,,,,,,
,,371941,110063,DEA,6,T3,SDTRL,DI,DI,NOT,,,S,,G,,,O,,,,G,,,,,,,,,,,,,,,,,,,,,,
,,371942,113082,DEB,1,D34,SDTRL,L,L,Clamp,,,,S,A,A,,,,,,,,,,,,,,,,,,,,,,,,,,,,SDTRL CLAMP - (-6.85V)
,,371942,113082,DEB,2,D33,SDTRL,L,L,Clamp,,,,S,B,,B,,,,,,,,,,,,,,,,,,,,,,,,,,,
,,371942,113082,DEB,3,D32,SDTRL,L,L,Clamp,,,,S,C,,,C,,,,,,,,,,,,,,,,,,,,,,,,,,
,,371942,113082,DEB,4,D31,SDTRL,L,L,Clamp,,,,S,D,,,,D,,,,,,,,,,,,,,,,,,,,,,,,,
,,371942,113082,DEB,5,D30,SDTRL,L,L,Clamp,,,,S,E,,,,,E,,,,,,,,,,,,,,,,,,,,,,,,
,,371942,113082,DEB,6,D29,SDTRL,L,L,Clamp,,,,S,F,,,,,,F,,,,,,,,,,,,,,,,,,,,,,,
,,371942,113082,DEB,7,D27,SDTRL,L,L,Clamp,,,,S,G,,,,,,,G,,,,,,,,,,,,,,,,,,,,,,
,,371942,113082,DEB,8,D25,SDTRL,L,L,Clamp,,,,S,H,,,,,,,,H,,,,,,,,,,,,,,,,,,,,,
,,371942,113082,DEB,9,D21,SDTRL,L,L,Clamp,,,,S,K,,,,,,,,,,K,,,,,,,,,,,,,,,,,,,
,,371942,113082,DEB,10,D6,SDTRL,L,L,Clamp,,,,S,L,,,,,,,,,,,L,,,,,,,,,,,,,,,,,,
,,371942,113082,DEB,11,D16,SDTRL,L,L,Clamp,,,,S,P,,,,,,,,,,,,,,P,,,,,,,,,,,,,,,
,,371942,113082,DEB,12,D15,SDTRL,L,L,Clamp,,,,S,Q,,,,,,,,,,,,,,,Q,,,,,,,,,,,,,,
,,371942,113082,DEB,13,D14,SDTRL,L,L,Clamp,,,,S,R,,,,,,,,,,,,,,,,R,,,,,,,,,,,,,
,,371951,113628,DAC,1,T4,SDTRL,+A,-O,NAND,,,S,S,P,,,,O,,,,,,,,,,P,Q,R,,,,,,,,,,,,,SDTRL - 3 WAY INVERTER NUMBER 2
,,371951,113628,DAC,2,T1,SDTRL,+A,-O,NAND,,,S,S,A,A,B,,,O,,,,,K,,,,,,,,,,,,,,,,,,,
,,371951,113628,DAC,3,T3,SDTRL,+A,-O,NAND,,OC,S,S,F,,,O,,,F,G,H,,,,,,,,,,,,,,,,,,,,,
,,371951,113628,DAC,4,R1,SDTRL,L,L,1K Ohm,,,,,L,,,,,,,,,,,O,-12,,,,,,,,,,,,,,,,,
,,371987,119217,DED,1,T4,SDTRL,DL,DL,EQUAL,,,S,C,D,O,,,D,,,,,,,,,,,,,,,,,,,,,,,,,SIMPLEX INTERFACE DRIVER
,,371987,119217,DED,2,T3,SDTRL,DL,DL,EQUAL,,,S,C,C,,,C,,O,,,,,,,,,,,,,,,,,,,,,,,,
,,371987,119217,DED,3,T2,SDTRL,DL,DL,EQUAL,,,S,C,B,,B,,,,,O,,,,,,,,,,,,,,,,,,,,,,
,,371987,119217,DED,4,T1,SDTRL,DL,DL,EQUAL,,,S,C,F,,,,,,F,,O,,,,,,,,,,,,,,,,,,,,,
,,372102,119217,DPD,1,D36,DDTL,+A,,AND,,,B,B,K,,,,,,,,,,K,,,,P,,,,,O,,,,,,,,,,"DL7, LOW POWER INVERTERS"
,,372102,119217,DPD,2,D37,DDTL,+A,,AND,,,B,B,M,,,,,,,,,,,,M,,,Q,,,,O,,,,,,,,,,
,,372102,119217,DPD,3,T9,DDTL,+O,,NOR,,,B,B,A,O,,,,,,,,,,,,,,,,G1,G2,,O,,,,,,,,,
,,372102,119217,DPD,4,T12,DDTL,I,I,NOT,,,B,B,B,,O,,,,,,,,,,,,,,,,,G3,,,,,,,,,,
,,372102,119217,DPD,5,D27,DDTL,+A,,AND,,,B,B,D,,,,D,,,G,,,,,,,,,,,,,,,,O,,,,,,
,,372102,119217,DPD,6,D29,DDTL,+A,,AND,,,B,B,E,,,,,E,F,,,,,,,,,,,,,,,,,O,,,,,,
,,372102,119217,DPD,7,T14,DDTL,+O,,NOR,,,B,B,H,,,,,,,,H,,,,,,,,,,,,,G5,G6,,O,,,,,
,,372102,119217,DPD,8,T4,DDTL,I,I,NOT,,,B,B,C,,,O,,,,,,,,,,,,,,,,,,,,G7,,,,,,
,,372107,113661,DPE,1,D42,DDTL,+A,,AND,,,B,B,K,,,,,,,,,,K,,,,P,Q,,,,,,O,,,,,,,,"DDTL-DL6,LOW POWER INVERTERS"
,,372107,113661,DPE,2,D68,DDTL,+A,,AND,,,B,B,G,,,,,,,G,H,,K,,,,,,,,,,,O,,,,,,,,
,,372107,113661,DPE,3,D31,DDTL,+A,,AND,,,B,B,B,,B,,D,,,,,,,,M,,,,,,,,,O,,,,,,,,
,,372107,113661,DPE,4,D29,DDTL,+A,,AND,,,B,B,E,,,,,E,F,,,,,,M,,,,,,,,,O,,,,,,,,
,,372107,113661,DPE,5,T5,DDTL,+O,,NOR,,OC,B,B,C,,,O,,,,,,,,,,,,,,G1,G2,G3,G4,,,,,,,,,
,,372111,113662,DPQ,1,D47,DDTL,+A,,AND,,,B,B,A,A,B,,,,,,,,,,,,,,,,,,,O,,,,,,,,DDTL-4-2 WAY ANDS OR'ED-DETACHED 390 Ohm LOAD INVERTER 390 Ohm LOAD
,,372111,113662,DPQ,2,D45,DDTL,+A,,AND,,,B,B,C,,,C,D,,,,,,,,,,,,,,,,,O,,,,,,,,
,,372111,113662,DPQ,3,D43,DDTL,+A,,AND,,,B,B,E,,,,,E,F,,,,,,,,,,,,,,,O,,,,,,,,
,,372111,113662,DPQ,4,D40,DDTL,+A,,AND,,,B,B,H,,,,,,,,H,,K,,,,,,,,,,,O,,,,,,,,
,,372111,113662,DPQ,5,T9,DDTL,+OO,,NOR,,OC,B,B,G,,,,,,,O,,,,,,,,,,,,,,,,,,,,,,
,,372111,113662,DPQ,6,T15,DDTL,I,I,NOT,,,B,B,Q,,,,,,,,,,,,,,O,Q,,,,,,,,,,,,,,
,,372111,113662,DPQ,7,R24,DDTL,L,L,390 Ohm,,,B,B,M,,,,,,,,,,,+6,O,,,,,,,,,,,,,,,,,
,,372108,114262,DPG,1,T12,DDTL,+A,,NAND,,OC,B,B,P,,O,,,,,,,,,,,,P,Q,,,,,,,,,,,,,,DDTL-4-2-WAY ANDS NO LOADS
,,372108,114262,DPG,2,T9,DDTL,+A,,NAND,,OC,B,B,H,,,O,,,,,H,,K,,,,,,,,,,,,,,,,,,,
,,372108,114262,DPG,3,T6,DDTL,+A,,NAND,,OC,B,B,G,,,,O,,,G,,,,,M,,,,,,,,,,,,,,,,,
,,372108,114262,DPG,4,T4,DDTL,+A,,NAND,,OC,B,B,A,A,,,,O,F,,,,,,,,,,,,,,,,,,,,,,,
,,372109,114262,DPH,1,T12,DDTL,+A,,NAND,,OC,B,B,F,,O,,,,F,G,,,,,M,,,,,,,,,,,,,,,,,DDTL-3-3 WAY ANDS-NO LOADS
,,372109,114262,DPH,2,T5,DDTL,+A,,NAND,,OC,B,B,H,,,,,,,,H,,O,,,,P,Q,,,,,,,,,,,,,,
,,372109,114262,DPH,3,T8,DDTL,+A,,NAND,,OC,B,B,C,O,,C,D,E,,,,,,,,,,,,,,,,,,,,,,,,
,,372124,115829,DPB,1,T4,DDTL,+O,,NOR,,OC,B,B,D,,,,D,E,F,O,,,K,,,,,,,,,,,,,,,,,,,-DL IO LOW POWER INVERTERS
,,372124,115829,DPB,2,T8,DDTL,+O,,NOR,,OC,B,B,H,O,,,,,,,H,,,,M,,P,Q,,,,,,,,,,,,,,
,,372124,115829,DPB,3,R73,DDTL,L,L,390 Ohm,,,,,B,,O,,,,,,,,,+6,,,,,,,,,,,,,,,,,,
,,372124,115829,DPB,4,R71,DDTL,L,L,390 Ohm,,,,,C,,,O,,,,,,,,+6,,,,,,,,,,,,,,,,,,
,,372125,114262,DMQ,1,T3,DDTL,+A,,NAND,,OC,B,B,C,,O,C,D,E,F,G,,,,,M,,,,,,,,,,,,,,,,,DDTL 1-6 WAY NL-1-2 WAY NL 2 LDS 390 OHM
,,372125,114262,DMQ,2,T2,DDTL,+A,,NAND,,OC,B,B,P,A,,,,,,,,,O,,,,P,Q,,,,,,,,,,,,,,
,,372125,114262,DMQ,3,R25,DDTL,R,,390 Ohm,,,,,A,,,,,,,,H,,,,,,,,,,,,,,,,,,,,,
,,372125,114262,DMQ,4,R38,DDTL,R,,390 Ohm,,,,,H,,,,,,,,,,,,,,,,,,,,,,,,,,,,,
,,372126,119675,DPV,1,D59,DDTL,+A,,AND,,,B,B,C,,,C,D,,,,,,,,,,,,,,,,O,,,,,,,,,"3-2 WAY ANDS, 3 WAY OR NO LOAD, 2 WAY AND NO LOAD, 2 LOADS 2-390 Ohm LOADS"
,,372126,119675,DPV,2,D60,DDTL,+A,,AND,,,B,B,E,,,,,E,F,,,,,,,,,,,,,,O,,,,,,,,,
,,372126,119675,DPV,3,D61,DDTL,+A,,AND,,,B,B,B,,B,,,,,G,,,,,,,,,,,,,O,,,,,,,,,
,,372126,119675,DPV,4,T5,DDTL,+O,,NOR,,OC,B,B,A,O,,,,,,,,,,,,,,,,G1,G2,G3,,,,,,,,,,
,,372126,119675,DPV,5,T14,DDTL,+A,,NAND,,OC,B,B,H,,,,,,,,H,,K,,O,,,,,,,,,,,,,,,,,
,,372126,119675,DPV,6,R25,DDTL,L,L,390 Ohm,,,,,Q,,,,,,,,,,,+6,,,,O,,,,,,,,,,,,,,
,,372126,119675,DPV,7,R24,DDTL,L,L,390 Ohm,,,,,P,,,,,,,,,,,+6,,,O,,,,,,,,,,,,,,,
,,372127,114262,DND,1,T5,DDTL,I,,NOT,,,B,B,M,,,,,,,,,,O,,M,,,,,,,,,,,,,,,,,"DDTL-2-4 WAY AIP NO LOAD, I - INVERTER 390 Ohm LOAD"
,,372127,114262,DND,2,T12,DDTL,+A,,NOT,,OC,B,B,D,,O,,D,E,F,G,,,,,,,,,,,,,,,,,,,,,,
,,372127,114262,DND,3,T8,DDTL,+A,,NOT,,OC,B,B,C,O,,C,,,,,H,,,,,,P,Q,,,,,,,,,,,,,,
,,372139,114694,DPM,1,T11,DDTL,+O,,NOR,,OC,B,B,M,,O,,,,,,,,,,M,,P,Q,,,,,,,,,,,,,,DDTL-3-3 WAY ORS-NO LOAD
,,372139,114694,DPM,2,T9,DDTL,+O,,NOR,,OC,B,B,F,,,O,,,F,G,H,,,,,,,,,,,,,,,,,,,,,
,,372139,114694,DPM,3,T6,DDTL,+O,,NOR,,OC,B,B,D,O,,,D,E,,,,,K,,,,,,,,,,,,,,,,,,,
,,372262,115925,YLK,1,T11,,I,,NOT,,,S,B,F,O,,,,,F,,,,,,,,,,,,,,,,,,,,,,,CONVERTER SDTRL TO DDTL
,,372262,115925,YLK,2,T7,,I,,NOT,,,S,B,D,,O,,D,,,,,,,,,,,,,,,,,,,,,,,,,
,,372262,115925,YLK,3,T3,,I,,NOT,,,S,B,E,,,O,,E,,,,,,,,,,,,,,,,,,,,,,,,
,,372262,115925,YLK,4,T13,,I,,NOT,,,S,B,K,,,,,,,,,,K,,O,,,,,,,,,,,,,,,,,
,,372262,115925,YLK,5,T15,,I,,NOT,,,S,B,H,,,,,,,,H,,,,,,O,,,,,,,,,,,,,,,
,,372262,115925,YLK,6,T16,,I,,NOT,,,S,B,G,,,,,,,G,,,,,,,,Q,,,,,,,,,,,,,,
,,372287,115854,YLD,1,T2,,I,,NOT,,OC,B,S,R,O,,,,,,,,,,,,,,,R,,,,,,,,,,,,,CONVERTER DDTL TO SDTRL UNLOADED
,,372287,115854,YLD,2,T8,,I,,NOT,,OC,B,S,P,,,,O,,,,,,,,,,P,,,,,,,,,,,,,,,
,,372287,115854,YLD,3,T4,,I,,NOT,,OC,B,S,G,,,,,,O,G,,,,,,,,,,,,,,,,,,,,,,
,,372287,115854,YLD,4,T10,,I,,NOT,,OC,B,S,H,,,O,,,,,,,K,,,,,,,,,,,,,,,,,,,
,,372287,115854,YLD,5,T6,,I,,NOT,,OC,B,S,Q,,,,,O,,,,,,,,,,Q,,,,,,,,,,,,,,
,,372287,115854,YLD,6,T12,,I,,NOT,,OC,B,S,H,,O,,,,,,H,,,,,,,,,,,,,,,,,,,,,
,,372287,115854,YLD,7,R25,,L,L,750 Ohm,,,,,L,,,,,,,,,,,O,-12,,,,,,,,,,,,,,,,,
,,372291,114416,YLB,1,T12,SDTRL,+A,-O,NAND,,,S,S,B,,B,,D,,,O,,,,,,,,,,,,,,,,,,,,,,HIGH SPEED 2-WAY AND
,,372291,114416,YLB,2,T8,SDTRL,+A,-O,NAND,,,S,S,E,,,O,,E,F,,,,,,,,,,,,,,,,,,,,,,,
,,372291,114416,YLB,3,T2,SDTRL,+A,-O,NAND,,,S,S,Q,,,,,,,,,,O,,,,,Q,R,,,,,,,,,,,,,
,,372291,114416,YLB,4,T3,SDTRL,+A,-O,NAND,,OC,S,S,A,A,,,,,,,H,,,,,,P,,,,,,,,,,,,,,,
,,372291,114416,YLB,5,R13,SDTRL,L,L,750 Ohm,,,,,L,,,,,,,,,,,O,-12,,,,,,,,,,,,,,,,,
,,372288,115854,YLE,1,T2,DDTL,I,I,NOT,,,B,S,R,O,,,,,,,,,,,,,,,R,,,,,,,,,,,,,CONVERTER DDTL TO SDTRL
,,372288,115854,YLE,2,T8,DDTL,I,I,NOT,,,B,S,P,,,,O,,,,,,,,,,P,,,,,,,,,,,,,,,
,,372288,115854,YLE,3,T4,DDTL,I,I,NOT,,,B,S,G,,,,,,O,G,,,,,,,,,,,,,,,,,,,,,,
,,372288,115854,YLE,4,T10,DDTL,I,I,NOT,,,B,S,K,,,O,,,,,,,K,,,,,,,,,,,,,,,,,,,
,,372288,115854,YLE,5,T6,DDTL,I,I,NOT,,,B,S,Q,,,,,O,,,,,,,,,,Q,,,,,,,,,,,,,,
,,372288,115854,YLE,6,T12,DDTL,I,I,NOT,,,B,S,H,,O,,,,,,H,,,,,,,,,,,,,,,,,,,,,
,,372288,115854,YLE,7,R25,SDTRL,L,L,750 Ohm,,,,,L,,,,,,,,,,,O,-12,,,,,,,,,,,,,,,,,
,,372289,114415,YLH,1,T5,DDTL,+O,-A,NOR,,OC,B,S,A,A,,,O,E,F,,,,,,,,,,,,,,,,,,,,,,,3-WAY CONVERTER DDTL-SDTRL NO LOADS
,,372289,114415,YLH,2,T9,DDTL,+O,-A,NOR,,OC,B,S,H,,,O,,,,,H,,K,,,,,Q,,,,,,,,,,,,,,
,,372289,114415,YLH,3,T12,DDTL,+O,-A,NOR,,OC,B,S,G,,O,,,,,G,,,,,,,P,,R,,,,,,,,,,,,,
,,372289,114415,YLH,4,R25,SDTRL,L,L,750 Ohm,,,,,L,,,,,,,,,,,O,-12,,,,,,,,,,,,,,,,,
,,372290,114415,YLJ,1,T4,DDTL,+O,-A,NOR,,,B,S,A,A,,,O,E,F,,,,,,,,,,,,,,,,,,,,,,,3-WAY CONVERTER DDTL-SDTRL
,,372290,114415,YLJ,2,T9,DDTL,+O,-A,NOR,,,B,S,H,,,O,,,,,H,,K,,,,,Q,,,,,,,,,,,,,,
,,372290,114415,YLJ,3,T12,DDTL,+O,-A,NOR,,,B,S,G,,O,,,,,G,,,,,,,P,,R,,,,,,,,,,,,,
,,372290,114415,YLJ,4,R25,SDTRL,L,L,750 Ohm,,,,,L,,,,,,,,,,,O,-12,,,,,,,,,,,,,,,,,
,,372293,114416,YLF,1,T3,SDTRL,+A,-O,NAND,,,S,S,A,A,B,,,O,,,,,K,,,,,,,,,,,,,,,,,,,SDTRL-HI-SPEED 3 WAY AND
,,372293,114416,YLF,2,T15,SDTRL,+A,-O,NAND,,,S,S,P,,,,O,,,,,,,,,,P,Q,R,,,,,,,,,,,,,
,,372293,114416,YLF,3,T11,SDTRL,+A,-O,NAND,,OC,S,S,F,,,O,,,F,G,H,,,,,,,,,,,,,,,,,,,,,
,,372293,114416,YLF,4,R24,SDTRL,L,L,750 Ohm,,,,,L,,,,,,,,,,,O,-12,,,,,,,,,,,,,,,,,
,,372294,114416,YLG,1,T3,SDTRL,+A,-O,NAND,,OC,S,S,A,A,B,,,O,,,,,K,,,,,,,,,,,,,,,,,,,SDTRL-HI-SPEED 3 WAY AND UNLOADED
,,372294,114416,YLG,2,T15,SDTRL,+A,-O,NAND,,OC,S,S,P,,,,O,,,,,,,,,,P,Q,R,,,,,,,,,,,,,
,,372294,114416,YLG,3,T11,SDTRL,+A,-O,NAND,,OC,S,S,F,,,O,,,F,G,H,,,,,,,,,,,,,,,,,,,,,
,,372294,114416,YLG,4,,SDTRL,L,L,750 Ohm,,,,,L,,,,,,,,,,,O,-12,,,,,,,,,,,,,,,,,
,,372371,D116109,TNL,1,D36,SDTRL,+A,-O,AND,,,S,S,L,,,,,,,,,,,L,,,,,,,O,,G4,,,,,,,,,SDTRL-MEMORY ADDRESS REGISTER
,,372371,D116109,TNL,2,T14,SDTRL,+O,-A,NOR,G10,,S,S,K,,,,,,,,,,O,,,,,,,G1,,,,,,,,,"I,O",,,
,,372371,D116109,TNL,3,T13,SDTRL,DE,DE,EQUAL,,,S,Y,R,,,,,,,,,,K,,,,,,O,,,,,,,,,,,,,
,,372371,D116109,TNL,4,T16,SDTRL,DE,DE,EQUAL,,,S,S,Q,,,,,,,,,,,,,,,Q,,O,,,,,,,,,,,,
,,372371,D116109,TNL,5,T11,SDTRL,+O,-A,NOR,,OC,Y,Y,G,O,,,,,,G,,,,,,,,,R,,,,,,,,,,,,,
,,372371,D116109,TNL,6,T15,SDTRL,I,I,NOT,,,S,S,,,,,,,,,,,,,,,,Q,,,,,,,,,,O,,,,
,,372371,D116109,TNL,7,T6,SDTRL,+A,-O,NAND,,,S,S,B,,B,,O,,,,,,,,,,,,,,,,,,,,,,G10,,,
,,372371,D116109,TNL,8,T8,SDTRL,+A,-O,NAND,,,S,S,H,,,O,,,,,H,,,,,,,Q,,,,,,,,,,,,,,
,,372371,D116109,TNL,9,D54,SDTRL,+A,-O,AND,,,S,S,F,,,,,,F,,,,,,,,,,,,,,,,G6,,,,O,,,
,,372371,D116109,TNL,10,T3,SDTRL,+O,-A,NOR,G2,,S,S,,,,,,,,,,,K,,,,,,,O,"I,O",,,,O,,,G9,,,,
,,372371,D116109,TNL,11,T1,SDTRL,DE,DE,EQUAL,,,S,Y,E,,,,,O,,,,,,,,,,,,,,,,,,,,,G10,,,
