Machine Serial,Volume,Drawing P/N,E.C.,Page,Run,Machine,Frame,Gate,Panel,Row,Column,Double Card Height,Card Type,Card P/N,MF 1 Feature Code,Crossed Out,Sheet,Sheet Coordinate,Ignore,Special EC,,Bottom Note?,Notes
Kornylak-2010,II,5327096,253905,11.04.04.0,8842,1411,C,C,3,A,01,,CABL,,,,11.04.04.3,5A,,,,,
,,,,,,,,,,B,01,,CABL,,,,11.04.04.3,4B,,,,,
,,,,,,,,,,C,01,,9043,,,,12.65.01.1,4F,,,,,Resistor 2.4.K found using sheet
,,,,,,,,,,C,01,,9043,,,,14.71.30.1,4I,,,,,Resistor 2.4.K found using sheet
,,,,,,,,,,D,01,,CABL,,,,11.04.04.3,4C,,,,,
,,,,,,,,,,E,01,,CABL,,,,11.04.04.3,1C,,,,,
,,,,,,,,,,F,01,,CONN,,,,11.04.04.3,3D,,,,,
,,,,,,,,,,G,01,,CONN,,,,11.04.04.3,5E,,,,,
,,,,,,,,,,H,01,,EMPTY,,,X,,,,,,,
,,,,,,,,,,J,01,,DEV,0370214,,,15.60.07.1,3D,,,,,Identified Using Sheet
,,,,,,,,,,J,01,,DEV,0370214,,,15.60.08.1,4C,,,,,Identified Using Sheet
,,,,,,,,,,J,01,,DEV,0370214,,,15.60.08.1,2C,,,,,Identified Using Sheet
,,,,,,,,,,J,01,,DEV,0370214,,,15.60.08.1,4D,,,,,Identified Using Sheet
,,,,,,,,,,J,01,,DEV,0370214,,,15.60.34.1,5B,,,,,Identified Using Sheet
,,,,,,,,,,J,01,,DEV,0370214,,,15.60.34.1,3C,,,,,Identified Using Sheet
,,,,,,,,,,J,01,,DEV,0370214,,,15.60.34.1,5D,,,,,Identified Using Sheet
,,,,,,,,,,K,01,,DFZ,0370241,M0,,15.60.07.1,5C,,,,2 3 4,Feature code hard to read
,,,,,,,,,,A,02,,CABL,,,,11.04.04.3,4A,,,,,
,,,,,,,,,,B,02,,DND,0372127,,,16.11.01.1,4H,,,,,
,,,,,,,,,,B,02,,DND,0372127,,,16.11.03.1,4C,,,,,
,,,,,,,,,,B,02,,DND,0372127,,,16.11.03.1,4E,,,,,
,,,,,,,,,,C,02,,DFS,0370234,,,15.30.02.1,5E,,,,6,Identified Using Sheet
,,,,,,,,,,C,02,,DFS,0370234,,,15.30.03.1,5E,,,,6,Identified Using Sheet
,,,,,,,,,,C,02,,DFS,0370234,,,15.30.04.1,5E,,,,6,Identified Using Sheet
,,,,,,,,,,C,02,,DFS,0370234,,,15.30.05.1,5E,,,,6,Identified Using Sheet
,,,,,,,,,,C,02,,DFS,0370234,,,15.50.04.1,,X,253453,,6,NOT PRESENT ON SHEET
,,,,,,,,,,D,02,,DES,0370202,,,15.39.01.1,5B,,,,,Identified Using Sheet
,,,,,,,,,,D,02,,DES,0370202,,,15.39.01.1,4B,,,,,Identified Using Sheet
,,,,,,,,,,D,02,,DES,0370202,,,15.39.01.1,5C,,,,,Identified Using Sheet
,,,,,,,,,,D,02,,DES,0370202,,,15.39.01.1,5E,,,,,Identified Using Sheet
,,,,,,,,,,D,02,,DES,0370202,,,15.60.06.1,4D,,,,,Identified Using Sheet
,,,,,,,,,,E,02,,EMPTY,,,X,,,,,,,
,,,,,,,,,,F,02,,YLK,0372262,,,15.49.05.1,5C,,,,,Identified Using Sheet
,,,,,,,,,,F,02,,YLK,0372262,,,15.49.05.1,5D,,,,,Identified Using Sheet
,,,,,,,,,,F,02,,YLK,0372262,,,15.49.05.1,5E,,,,,Identified Using Sheet
,,,,,,,,,,F,02,,YLK,0372262,,,15.49.05.1,5I,,,,,Identified Using Sheet
,,,,,,,,,,F,02,,YLK,0372262,,,15.50.10.1,5B,,,,,Identified Using Sheet
,,,,,,,,,,F,02,,YLK,0372262,,,15.50.10.1,5F,,,,,Identified Using Sheet
,,,,,,,,,,G,02,,DMS,0370893,,,15.50.01.1,5A,,,,,
,,,,,,,,,,G,02,,DMS,0370893,,,15.50.01.1,5B,,,,,
,,,,,,,,,,G,02,,DMS,0370893,,,15.50.01.1,5E,,,,,
,,,,,,,,,,G,02,,DMS,0370893,,,15.50.01.1,5F,,,,,
,,,,,,,,,,H,02,,DEA,0371941,,,15.39.07.1,2A,,,,,Identified Using Sheet
,,,,,,,,,,H,02,,DEA,0371941,,,15.39.08.1,2A,,,,,Identified Using Sheet
,,,,,,,,,,H,02,,DEA,0371941,,,15.50.07.1,,X,253453,,,NOT PRESENT ON SHEET
,,,,,,,,,,H,02,,DEA,0371941,,,15.50.07.1,,X,253453,,,NOT PRESENT ON SHEET
,,,,,,,,,,H,02,,DEA,0371941,,,15.50.08.1,,X,253453,,,NOT PRESENT ON SHEET
,,,,,,,,,,H,02,,DEA,0371941,,,15.50.08.1,,X,253453,,,NOT PRESENT ON SHEET
,,,,,,,,,,J,02,,DEW,0370211,,,15.60.01.1,1B,,,,,Identified Using Sheet
,,,,,,,,,,J,02,,DEW,0370211,,,15.60.01.1,4D,,,,,Identified Using Sheet
,,,,,,,,,,J,02,,DEW,0370211,,,15.60.02.1,4D,,,,,Identified Using Sheet
,,,,,,,,,,J,02,,DEW,0370211,,,15.60.03.1,4D,,,,,Identified Using Sheet
,,,,,,,,,,J,02,,DEW,0370211,,,15.60.04.1,4D,,,,,Identified Using Sheet
,,,,,,,,,,J,02,,DEW,0370211,,,15.60.05.1,4D,,,,,Identified Using Sheet
,,,,,,,,,,K,02,,DGA,0370242,,,15.60.01.1,2H,,,,,
,,,,,,,,,,K,02,,DGA,0370242,,,15.60.02.1,2H,,,,,
,,,,,,,,,,K,02,,DGA,0370242,,,15.60.03.1,2H,,,,,
,,,,,,,,,,K,02,,DGA,0370242,,,15.60.04.1,2H,,,,,
,,,,,,,,,,A,03,,CONN,,,,11.04.04.3,3A,,,,,
,,,,,,,,,,B,03,,DMR,0370892,,,16.11.03.1,4G,,,,,
,,,,,,,,,,B,03,,DMR,0370892,,,16.11.04.1,4C,,,,,
,,,,,,,,,,B,03,,DMR,0370892,,,16.12.04.1,4E,,,,,
,,,,,,,,,,C,03,,DFJ,0370232,,,15.30.01.1,5F,,,,9,Identified Using Sheet
,,,,,,,,,,C,03,,DFJ,0370232,,,15.30.02.1,5F,,,,9,Identified Using Sheet
,,,,,,,,,,C,03,,DFJ,0370232,,,15.30.03.1,5F,,,,9,Identified Using Sheet
,,,,,,,,,,C,03,,DFJ,0370232,,,15.30.04.1,5F,,,,9,Identified Using Sheet
,,,,,,,,,,C,03,,DFJ,0370232,,,15.30.05.1,5F,,,,9,Identified Using Sheet
,,,,,,,,,,C,03,,DFJ,0370232,,,15.30.06.1,5F,,,,9,Identified Using Sheet
,,,,,,,,,,C,03,,DFJ,0370232,,,15.30.07.1,5F,,,,9,Identified Using Sheet
,,,,,,,,,,C,03,,DFJ,0370232,,,15.30.08.1,5G,,,,9,Identified Using Sheet
,,,,,,,,,,D,03,,DEW,0370211,,,15.30.01.1,5E,,,,,Identified Using Sheet
,,,,,,,,,,D,03,,DEW,0370211,,,15.39.01.1,5D,,,,,Identified Using Sheet
,,,,,,,,,,D,03,,DEW,0370211,,,15.39.02.1,5D,,,,,Identified Using Sheet
,,,,,,,,,,D,03,,DEW,0370211,,,15.39.03.1,5D,,,,,Identified Using Sheet
,,,,,,,,,,D,03,,DEW,0370211,,,15.39.04.1,5D,,,,,Identified Using Sheet
,,,,,,,,,,D,03,,DEW,0370211,,,15.39.07.1,4C,,,,,Identified Using Sheet
,,,,,,,,,,E,03,,YLF,0372293,,,15.41.10.1,3E,,,,,
,,,,,,,,,,E,03,,YLF,0372293,,,15.41.10.1,4A,,,,,
,,,,,,,,,,E,03,,YLF,0372293,,,15.50.01.1,4G,,,,,
,,,,,,,,,,F,03,,YLK,0372262,,,15.49.05.1,5A,,,,,Identified using Sheet
,,,,,,,,,,F,03,,YLK,0372262,,,15.49.05.1,5B,,,,,Identified using Sheet
,,,,,,,,,,F,03,,YLK,0372262,,,15.49.05.1,2B,,,,,Identified using Sheet
,,,,,,,,,,F,03,,YLK,0372262,,,15.49.05.1,2F,,,,,Identified using Sheet
,,,,,,,,,,F,03,,YLK,0372262,,,15.49.06.1,4E,,,,,Identified using Sheet
,,,,,,,,,,F,03,,YLK,0372262,,,15.49.06.1,5F,,,,,Identified using Sheet
,,,,,,,,,,G,03,,DMS,0370893,,,15.50.02.1,5A,,,,,
,,,,,,,,,,G,03,,DMS,0370893,,,15.50.02.1,5B,,,,,
,,,,,,,,,,G,03,,DMS,0370893,,,15.50.02.1,5E,,,,,
,,,,,,,,,,G,03,,DMS,0370893,,,15.50.02.1,5F,,,,,
,,,,,,,,,,H,03,,EMPTY,,,X,,,,,,,
,,,,,,,,,,J,03,,TAU,0370129,,,15.50.01.1,5C,,,,,
,,,,,,,,,,J,03,,TAU,0370129,,,15.60.01.1,2D,,,,,
,,,,,,,,,,J,03,,TAU,0370129,,,15.60.02.1,2D,,,,,
,,,,,,,,,,J,03,,TAU,0370129,,,15.60.03.1,2D,,,,,
,,,,,,,,,,K,03,,DGA,0370242,F1,X,15.60.01.1,2G,,,,,
,,,,,,,,,,K,03,,DGA,0370242,F1,X,15.60.02.1,2G,,,,,Hard to read coordinate under X
,,,,,,,,,,K,03,,DGA,0370242,F1,X,15.60.03.1,2G,,,,,
,,,,,,,,,,K,03,,DGA,0370242,F1,X,15.60.04.1,2G,,,,,
,,,,,,,,,,A,04,,CONN,,,,11.04.04.3,2A,,,,,Hard to read coordinate
,,,,,,,,,,B,04,,DPH,0372109,,,16.11.04.1,4E,,,,,
,,,,,,,,,,B,04,,DPH,0372109,,,16.11.05.1,4F,,,,,
,,,,,,,,,,B,04,,DPH,0372109,,,16.12.03.1,4G,,,,,
,,,,,,,,,,C,04,,AEK,0370215,,,15.30.01.1,3E,,,,,Identified using Sheet
,,,,,,,,,,C,04,,AEK,0370215,,,15.30.01.1,3F,,,,,Identified using Sheet
,,,,,,,,,,C,04,,AEK,0370215,,,15.30.02.1,3E,,,,,Identified using Sheet
,,,,,,,,,,C,04,,AEK,0370215,,,15.30.02.1,3F,,,,,Identified using Sheet
,,,,,,,,,,C,04,,AEK,0370215,,,15.30.03.1,3E,,,,,Identified using Sheet
,,,,,,,,,,C,04,,AEK,0370215,,,15.30.03.1,3F,,,,,Identified using Sheet
,,,,,,,,,,D,04,,DEW,0370211,L2,,15.39.01.1,5H,,,,6,Identified using Sheet
,,,,,,,,,,D,04,,DEW,0370211,L2,,15.39.02.1,5H,,,,6,Identified using Sheet
,,,,,,,,,,D,04,,DEW,0370211,L2,,15.39.03.1,5H,,,,6,Identified using Sheet
,,,,,,,,,,D,04,,DEW,0370211,L2,,15.39.04.1,5H,,,,6,Identified using Sheet
,,,,,,,,,,D,04,,DEW,0370211,L2,,15.39.05.1,5G,,,,6,Identified using Sheet
,,,,,,,,,,E,04,,DHQ,0370503,,,15.50.01.1,2E,,,,,
,,,,,,,,,,E,04,,DHQ,0370503,,,15.50.02.1,1B,,,,,
,,,,,,,,,,E,04,,DHQ,0370503,,,15.50.03.1,1B,,,,,
,,,,,,,,,,E,04,,DHQ,0370503,,,15.50.04.1,1B,,,,,
,,,,,,,,,,F,04,,YLK,0372262,,,15.49.01.1,1G,,,,,Identified using Sheet
,,,,,,,,,,F,04,,YLK,0372262,,,15.49.01.1,1H,,,,,Identified using Sheet
,,,,,,,,,,F,04,,YLK,0372262,,,15.49.01.1,3C,,,,,Identified using Sheet
,,,,,,,,,,F,04,,YLK,0372262,,,15.49.02.1,1D,,,,,Identified using Sheet
,,,,,,,,,,F,04,,YLK,0372262,,,15.49.02.1,2G,,,,,Identified using Sheet
,,,,,,,,,,F,04,,YLK,0372262,,,15.49.04.1,2B,,,,,Identified using Sheet
,,,,,,,,,,G,04,,DMS,0370893,,,15.50.03.1,5A,,,,,
,,,,,,,,,,G,04,,DMS,0370893,,,15.50.03.1,5B,,,,,
,,,,,,,,,,G,04,,DMS,0370893,,,15.50.03.1,5E,,,,,
,,,,,,,,,,G,04,,DMS,0370893,,,15.50.03.1,5F,,,,,
,,,,,,,,,,H,04,,TAU,0370129,,,15.41.01.1,4C,,,,5,
,,,,,,,,,,H,04,,TAU,0370129,,,15.41.11.1,3D,,,,5,
,,,,,,,,,,H,04,,TAU,0370129,,,15.41.11.1,4F,,,,5,
,,,,,,,,,,H,04,,TAU,0370129,,,15.41.11.1,5B,,,,5,
,,,,,,,,,,J,04,,DEA,0371941,,,15.50.01.1,2G,,,,,"Identified using Sheet, but on sheet gate is 11C3G04"
,,,,,,,,,,J,04,,DEA,0371941,,,15.50.02.1,2G,,,,,"Identified using Sheet, but on sheet gate is 11C3G04"
,,,,,,,,,,J,04,,DEA,0371941,,,15.50.03.1,2H,,,,,"Identified using Sheet, but on sheet gate is 11C3G04"
,,,,,,,,,,J,04,,DEA,0371941,,,15.50.04.1,2H,,,,,"Identified using Sheet, but on sheet gate is 11C3G04"
,,,,,,,,,,J,04,,DEA,0371941,,,15.50.05.1,2F,,,,,"Identified using Sheet, but on sheet gate is 11C3G04"
,,,,,,,,,,J,04,,DEA,0371941,,,15.50.06.1,2H,,,,,"Identified using Sheet, but on sheet gate is 11C3G04"
,,,,,,,,,,K,04,,DGA,0370242,B1,,15.60.01.1,2F,,,,,
,,,,,,,,,,K,04,,DGA,0370242,B1,,15.60.02.1,2F,,,,,
,,,,,,,,,,K,04,,DGA,0370242,B1,,15.60.03.1,2F,,,,,
,,,,,,,,,,K,04,,DGA,0370242,B1,,15.60.04.1,2F,,,,,
,,,,,,,,,,A,05,,DFS,0370234,,,15.50.01.1,,X,253453,,6 7 8,NOT PRESENT ON SHEET
,,,,,,,,,,A,05,,DFS,0370234,,,15.50.04.1,,X,253453,,6 7 8,NOT PRESENT ON SHEET
,,,,,,,,,,A,05,,DFS,0370234,,,15.50.05.1,,X,253453,,6 7 8,NOT PRESENT ON SHEET
,,,,,,,,,,A,05,,DFS,0370234,,,15.50.06.1,,X,253453,,6 7 8,NOT PRESENT ON SHEET
,,,,,,,,,,A,05,,DFS,0370234,,,15.50.08.1,,X,253453,,6 7 8,NOT PRESENT ON SHEET
,,,,,,,,,,B,05,,DMP,0370891,,,16.11.05.1,4B,,,,,
,,,,,,,,,,B,05,,DMP,0370891,,,16.11.06.1,4G,,,,,
,,,,,,,,,,B,05,,DMP,0370891,,,16.12.03.1,4C,,,,,
,,,,,,,,,,C,05,,DHQ,0370503,,,15.30.01.1,3B,,,,,Identified Using Sheet
,,,,,,,,,,C,05,,DHQ,0370503,,,15.30.01.1,3C,,,,,Identified Using Sheet
,,,,,,,,,,C,05,,DHQ,0370503,,,15.30.02.1,3B,,,,,Identified Using Sheet
,,,,,,,,,,C,05,,DHQ,0370503,,,15.30.02.1,3C,,,,,Identified Using Sheet
,,,,,,,,,,C,05,,DHQ,0370503,,,15.30.03.1,3B,,,,,Identified Using Sheet
,,,,,,,,,,C,05,,DHQ,0370503,,,15.30.03.1,3C,,,,,Identified Using Sheet
,,,,,,,,,,C,05,,DHQ,0370503,,,15.50.08.1,,X,253453,,,NOT PRESENT ON SHEET
,,,,,,,,,,D,05,,DEW,0370211,,,15.39.01.1,5G,,,,,Identified Using Sheet
,,,,,,,,,,D,05,,DEW,0370211,,,15.39.02.1,5G,,,,,Identified Using Sheet
,,,,,,,,,,D,05,,DEW,0370211,,,15.39.03.1,5G,,,,,Identified Using Sheet
,,,,,,,,,,D,05,,DEW,0370211,,,15.39.04.1,5G,,,,,Identified Using Sheet
,,,,,,,,,,D,05,,DEW,0370211,,,15.39.05.1,5F,,,,,Identified Using Sheet
,,,,,,,,,,D,05,,DEW,0370211,,,15.41.11.1,2A,,,,,Identified Using Sheet
,,,,,,,,,,E,05,,YLE,0372288,,,15.50.07.1,,X,253453,,,NOT PRESENT ON SHEET
,,,,,,,,,,E,05,,YLE,0372288,,,15.50.07.1,,X,253453,,,NOT PRESENT ON SHEET
,,,,,,,,,,E,05,,YLE,0372288,,,15.50.08.1,,X,253453,,,NOT PRESENT ON SHEET
,,,,,,,,,,E,05,,YLE,0372288,,,15.50.09.1,1C,,,,,Identified Using Sheet
,,,,,,,,,,E,05,,YLE,0372288,,,15.50.09.1,2I,,,,,Identified Using Sheet
,,,,,,,,,,E,05,,YLE,0372288,,,15.50.10.1,1F,,,,,Identified Using Sheet
,,,,,,,,,,E,05,,YLE,0372288,,,16.16.01.1,5E,,,,,Identified Using Sheet
,,,,,,,,,,F,05,,YLK,0372262,Z0,,15.49.01.1,4E,,,,,
,,,,,,,,,,F,05,,YLK,0372262,Z0,,15.49.05.1,3H,,,,,
,,,,,,,,,,F,05,,YLK,0372262,Z0,,15.49.05.1,5H,,,,,
,,,,,,,,,,G,05,,DMS,0370893,,,15.50.04.1,5A,,,,,
,,,,,,,,,,G,05,,DMS,0370893,,,15.50.04.1,5B,,,,,
,,,,,,,,,,G,05,,DMS,0370893,,,15.50.04.1,5E,,,,,
,,,,,,,,,,G,05,,DMS,0370893,,,15.50.04.1,5F,,,,,
,,,,,,,,,,H,05,,DFA,0370224,,,15.41.11.1,1G,,,,1 2,
,,,,,,,,,,H,05,,DFA,0370224,,,15.41.11.1,1H,,,,1 2,
,,,,,,,,,,H,05,,DFA,0370224,,,15.41.11.1,2G,,,,1 2,
,,,,,,,,,,H,05,,DFA,0370224,,,15.41.11.1,3G,,,,1 2,
,,,,,,,,,,J,05,,TAU,0370129,,,15.50.04.1,5C,,,,,
,,,,,,,,,,J,05,,TAU,0370129,,,15.50.04.1,5G,,,,,
,,,,,,,,,,J,05,,TAU,0370129,,,15.50.05.1,5B,,,,,
,,,,,,,,,,J,05,,TAU,0370129,,,15.50.05.1,5F,,,,,
,,,,,,,,,,K,05,,DGA,0370242,M0,,15.60.01.1,2E,,,,,
,,,,,,,,,,K,05,,DGA,0370242,M0,,15.60.02.1,2E,,,,,
,,,,,,,,,,K,05,,DGA,0370242,M0,,15.60.03.1,2E,,,,,
,,,,,,,,,,K,05,,DGA,0370242,M0,,15.60.04.1,2E,,,,,
,,,,,,,,,,A,06,,DFK,0370231,,,14.18.21.1,2C,,,,,Identified using Sheet
,,,,,,,,,,A,06,,DFK,0370231,,,15.41.07.1,2C,,,,,Identified using Sheet
,,,,,,,,,,A,06,,DFK,0370231,,,15.41.10.1,2A,,,,,Identified using Sheet
,,,,,,,,,,A,06,,DFK,0370231,,,15.41.12.1,1D,,,,,Identified using Sheet
,,,,,,,,,,A,06,,DFK,0370231,,,15.50.08.1,,X,253453,,,Not Present On Sheet
,,,,,,,,,,A,06,,DFK,0370231,,,15.60.09.1,3B,,,,,Identified using Sheet
,,,,,,,,,,B,06,,DND,0372127,,,16.11.02.1,4G,,,,,
,,,,,,,,,,B,06,,DND,0372127,,,16.11.05.1,4D,,,,,
,,,,,,,,,,B,06,,DND,0372127,,,16.11.06.1,4B,,,,,
,,,,,,,,,,C,06,,DEA,0371941,,,15.30.01.1,3A,,,,,Identified Using Sheet
,,,,,,,,,,C,06,,DEA,0371941,,,15.30.02.1,3A,,,,,Identified Using Sheet
,,,,,,,,,,C,06,,DEA,0371941,,,15.30.03.1,3A,,,,,Identified Using Sheet
,,,,,,,,,,C,06,,DEA,0371941,,,15.30.04.1,3A,,,,,Identified Using Sheet
,,,,,,,,,,C,06,,DEA,0371941,,,15.30.05.1,3A,,,,,Identified Using Sheet
,,,,,,,,,,C,06,,DEA,0371941,,,15.30.06.1,3A,,,,,Identified Using Sheet
,,,,,,,,,,D,06,,DEW,0370211,,,15.39.01.1,5F,,,,,Identified Using Sheet
,,,,,,,,,,D,06,,DEW,0370211,,,15.39.02.1,5F,,,,,Identified Using Sheet
,,,,,,,,,,D,06,,DEW,0370211,,,15.39.03.1,5F,,,,,Identified Using Sheet
,,,,,,,,,,D,06,,DEW,0370211,,,15.39.04.1,5F,,,,,Identified Using Sheet
,,,,,,,,,,D,06,,DEW,0370211,,,15.39.05.1,5E,,,,,Identified Using Sheet
,,,,,,,,,,D,06,,DEW,0370211,,,15.60.01.1,1D,,,,,Identified Using Sheet
,,,,,,,,,,E,06,,YLE,0372288,,,15.41.07.1,3A,,,,,Identified Using Sheet
,,,,,,,,,,E,06,,YLE,0372288,,,15.41.07.1,3C,,,,,Identified Using Sheet
,,,,,,,,,,E,06,,YLE,0372288,,,15.49.05.1,1D,,,,,Identified Using Sheet
,,,,,,,,,,E,06,,YLE,0372288,,,15.50.01.1,,X,253453,,,Not Present on Sheet
,,,,,,,,,,E,06,,YLE,0372288,,,15.50.02.1,,X,253453,,,Not Present on Sheet
,,,,,,,,,,E,06,,YLE,0372288,,,15.50.04.1,,X,253453,,,Not Present on Sheet (Gate on sheet is DEU)
,,,,,,,,,,E,06,,YLE,0372288,,,16.16.01.1,4E,,,,,Identified Using Sheet
,,,,,,,,,,F,06,,YLK,0372262,,,15.39.01.1,1F,,,,,Identified Using Sheet
,,,,,,,,,,F,06,,YLK,0372262,,,15.39.01.1,1H,,,,,Identified Using Sheet
,,,,,,,,,,F,06,,YLK,0372262,,,15.39.02.1,1F,,,,,Identified Using Sheet
,,,,,,,,,,F,06,,YLK,0372262,,,15.39.02.1,1H,,,,,Identified Using Sheet
,,,,,,,,,,F,06,,YLK,0372262,,,15.39.08.1,1F,,,,,Identified Using Sheet
,,,,,,,,,,F,06,,YLK,0372262,,,15.39.08.1,1H,,,,,Identified Using Sheet
,,,,,,,,,,G,06,,DPV,0372126,,,15.50.05.1,,X,253453,,,Not Present on Sheet
,,,,,,,,,,G,06,,DPV,0372126,,,15.50.05.1,,X,253453,,,Not Present on Sheet
,,,,,,,,,,G,06,,DPV,0372126,,,15.50.08.1,,X,253453,,,Not Present on Sheet
,,,,,,,,,,G,06,,DPV,0372126,,,15.50.08.1,,X,253453,,,Not Present on Sheet
,,,,,,,,,,G,06,,DPV,0372126,,,15.50.08.1,,X,253453,,,Not Present on Sheet
,,,,,,,,,,G,06,,DPV,0372126,,,15.50.08.1,,X,253453,,,Not Present on Sheet
,,,,,,,,,,G,06,,DPV,0372126,,,15.50.08.1,,X,253453,,,Not Present on Sheet
,,,,,,,,,,H,06,,DAX,0370084,,,15.38.01.1,3D,,,,5,
,,,,,,,,,,H,06,,DAX,0370084,,,15.41.11.1,5A,,,,5,
,,,,,,,,,,H,06,,DAX,0370084,,,15.50.02.1,4C,,,,5,
,,,,,,,,,,H,06,,DAX,0370084,,,15.50.03.1,4C,,,,5,
,,,,,,,,,,J,06,,TAU,0370129,,,15.39.08.1,5E,,,,,Could be 5B
,,,,,,,,,,J,06,,TAU,0370129,,,15.50.06.1,5B,,,,,
,,,,,,,,,,J,06,,TAU,0370129,,,15.50.06.1,5E,,,,,
,,,,,,,,,,J,06,,TAU,0370129,,,15.50.09.1,2H,,,,,
,,,,,,,,,,K,06,,DGA,0370242,,,15.60.05.1,2H,,,,4,
,,,,,,,,,,K,06,,DGA,0370242,,,15.60.06.1,2H,,,,4,
,,,,,,,,,,K,06,,DGA,0370242,,,15.62.03.1,5B,,,,4,
,,,,,,,,,,A,07,,DAX,0370084,,,14.18.03.1,5F,,,,,
,,,,,,,,,,A,07,,DAX,0370084,,,15.38.02.1,5B,,,,,
,,,,,,,,,,A,07,,DAX,0370084,,,15.49.01.1,2C,,,,,
,,,,,,,,,,A,07,,DAX,0370084,,,16.17.02.1,3E,,,,,
,,,,,,,,,,B,07,,DND,0372127,,,15.49.05.1,4A,,,,,
,,,,,,,,,,B,07,,DND,0372127,,,16.11.06.1,4D,,,,,
,,,,,,,,,,B,07,,DND,0372127,,,16.12.02.1,4B,,,,,
,,,,,,,,,,C,07,,AEK,0370215,,,15.30.04.1,3E,,,,,Identified using Sheet
,,,,,,,,,,C,07,,AEK,0370215,,,15.30.04.1,3F,,,,,Identified using Sheet
,,,,,,,,,,C,07,,AEK,0370215,,,15.30.05.1,3E,,,,,Identified using Sheet
,,,,,,,,,,C,07,,AEK,0370215,,,15.30.05.1,3F,,,,,Identified using Sheet
,,,,,,,,,,C,07,,AEK,0370215,,,15.30.06.1,3E,,,,,Identified using Sheet
,,,,,,,,,,C,07,,AEK,0370215,,,15.30.06.1,3F,,,,,Identified using Sheet
,,,,,,,,,,D,07,,DAX,0370084,L2,,15.39.01.1,4H,,,,5,
,,,,,,,,,,D,07,,DAX,0370084,L2,,15.39.02.1,4H,,,,5,
,,,,,,,,,,D,07,,DAX,0370084,L2,,15.39.03.1,4H,,,,5,
,,,,,,,,,,D,07,,DAX,0370084,L2,,15.39.04.1,4H,,,,5,
,,,,,,,,,,E,07,,YLJ,0372290,,,15.50.02.1,4E,,,,,
,,,,,,,,,,E,07,,YLJ,0372290,,,15.50.03.1,4E,,,,,
,,,,,,,,,,E,07,,YLJ,0372290,,,15.50.05.1,4A,,,,,
,,,,,,,,,,E,07,,YLJ,0372290,,,16.16.01.1,3E,,,,,
,,,,,,,,,,F,07,,YLK,0372262,,,15.39.03.1,1F,,,,,Identified using Sheet
,,,,,,,,,,F,07,,YLK,0372262,,,15.39.03.1,1H,,,,,Identified using Sheet
,,,,,,,,,,F,07,,YLK,0372262,,,15.39.04.1,1F,,,,,Identified using Sheet
,,,,,,,,,,F,07,,YLK,0372262,,,15.39.04.1,1H,,,,,Identified using Sheet
,,,,,,,,,,F,07,,YLK,0372262,,,15.39.05.1,1E,,,,,Identified using Sheet
,,,,,,,,,,F,07,,YLK,0372262,,,15.39.05.1,1H,,,,,Identified using Sheet
,,,,,,,,,,G,07,,DPV,0372126,,,15.49.05.1,1H,,,,,Identified using Sheet
,,,,,,,,,,G,07,,DPV,0372126,,,15.50.05.1,,X,0253453,,,Not Present on Sheet
,,,,,,,,,,G,07,,DPV,0372126,,,15.50.05.1,,X,0253453,,,Not Present on Sheet
,,,,,,,,,,G,07,,DPV,0372126,,,15.50.09.1,4B,,,,,Identified using Sheet
,,,,,,,,,,G,07,,DPV,0372126,,,15.50.09.1,5B,,,,,Identified using Sheet
,,,,,,,,,,G,07,,DPV,0372126,,,15.50.09.1,5C,,,,,Identified using Sheet
,,,,,,,,,,G,07,,DPV,0372126,,,15.50.09.1,5D,,,,,Identified using Sheet
,,,,,,,,,,H,07,,DAC,0371951,,,15.41.11.1,3F,,,,,
,,,,,,,,,,H,07,,DAC,0371951,,,15.41.11.1,4C,,,,,
,,,,,,,,,,H,07,,DAC,0371951,,,15.60.07.1,2B,,,,,
,,,,,,,,,,J,07,,TAU,0370129,M0,,15.41.03.1,1D,,,,3 4 5,
,,,,,,,,,,J,07,,TAU,0370129,M0,,15.60.07.1,5B,,,,3 4 5,
,,,,,,,,,,K,07,,DGA,0370242,F1,X,15.60.05.1,2G,,,,,
,,,,,,,,,,K,07,,DGA,0370242,F1,X,15.60.06.1,2G,,,,,
,,,,,,,,,,K,07,,DGA,0370242,F1,X,15.60.07.1,2F,,,,,
,,,,,,,,,,K,07,,DGA,0370242,F1,X,15.60.08.1,2E,,,,,
,,,,,,,,,,A,08,,DFS,0370234,Z0,,14.18.05.1,4I,,,,3 4 5 8,
,,,,,,,,,,A,08,,DFS,0370234,Z0,,14.18.17.1,2A,,,,3 4 5 8,
,,,,,,,,,,A,08,,DFS,0370234,Z0,,14.18.17.1,4F,,,,3 4 5 8,
,,,,,,,,,,A,08,,DFS,0370234,Z0,,15.49.01.1,1E,,,,3 4 5 8,
,,,,,,,,,,B,08,,DMQ,0372125,,,16.11.01.1,4G,,,,,
,,,,,,,,,,B,08,,DMQ,0372125,,,16.12.06.1,4G,,,,,
,,,,,,,,,,C,08,,DHQ,0370503,,,15.30.04.1,3B,,,,,Identified using Sheet
,,,,,,,,,,C,08,,DHQ,0370503,,,15.30.04.1,3C,,,,,Identified using Sheet
,,,,,,,,,,C,08,,DHQ,0370503,,,15.30.05.1,3B,,,,,Identified using Sheet
,,,,,,,,,,C,08,,DHQ,0370503,,,15.30.05.1,3C,,,,,Identified using Sheet
,,,,,,,,,,C,08,,DHQ,0370503,,,15.30.06.1,3B,,,,,Identified using Sheet
,,,,,,,,,,C,08,,DHQ,0370503,,,15.30.06.1,3C,,,,,Identified using Sheet
,,,,,,,,,,C,08,,DHQ,0370503,,,15.50.05.1,,X,253453,,,Not Present On Sheet
,,,,,,,,,,D,08,,DAC,0371951,,,15.39.01.1,4E,,,,,
,,,,,,,,,,D,08,,DAC,0371951,,,15.39.02.1,4E,,,,,
,,,,,,,,,,D,08,,DAC,0371951,,,15.39.03.1,4E,,,,,
,,,,,,,,,,E,08,,YLJ,0372290,,,15.50.03.1,4A,,,,,
,,,,,,,,,,E,08,,YLJ,0372290,,,15.50.04.1,4E,,,,,
,,,,,,,,,,E,08,,YLJ,0372290,,,15.50.08.1,4E,,,,,
,,,,,,,,,,F,08,,YLK,0372262,,,15.30.01.1,,X,250761,,,Not Present On Sheet
,,,,,,,,,,F,08,,YLK,0372262,,,15.30.01.1,,X,250761,,,Not Present On Sheet
,,,,,,,,,,F,08,,YLK,0372262,,,15.30.02.1,,X,250761,,,Not Present On Sheet
,,,,,,,,,,F,08,,YLK,0372262,,,15.30.02.1,,X,250761,,,Not Present On Sheet
,,,,,,,,,,F,08,,YLK,0372262,,,15.30.02.1,,X,250761,,,Not Present On Sheet
,,,,,,,,,,F,08,,YLK,0372262,,,15.39.06.1,1E,,,,,Identified Using Sheet
,,,,,,,,,,G,08,,DPQ,0372111,,,15.50.09.1,5F,,,,,Identified Using Sheet
,,,,,,,,,,G,08,,DPQ,0372111,,,15.50.09.1,4F,,,,,Identified Using Sheet
,,,,,,,,,,G,08,,DPQ,0372111,,,15.50.09.1,5G,,,,,Identified Using Sheet
,,,,,,,,,,G,08,,DPQ,0372111,,,15.50.09.1,3H,,,,,Identified Using Sheet
,,,,,,,,,,G,08,,DPQ,0372111,,,15.50.09.1,4H,,,,,Identified Using Sheet
,,,,,,,,,,G,08,,DPQ,0372111,,,15.50.09.1,4I,,,,,Identified Using Sheet
,,,,,,,,,,H,08,,DAW,0370083,,,15.50.05.1,4F,,,,,
,,,,,,,,,,H,08,,DAW,0370083,,,15.50.06.1,4B,,,,,
,,,,,,,,,,H,08,,DAW,0370083,,,15.50.06.1,4E,,,,,Coordinate is hard to read - could be E or F
,,,,,,,,,,J,08,,DAC,0371951,M0,,15.60.07.1,3A,,,,,
,,,,,,,,,,J,08,,DAC,0371951,M0,,15.60.07.1,3C,,,,,
,,,,,,,,,,J,08,,DAC,0371951,M0,,15.60.07.1,4B,,,,,
,,,,,,,,,,K,08,,DGA,0370242,B1,,15.60.05.1,2F,,,,4,
,,,,,,,,,,K,08,,DGA,0370242,B1,,15.60.06.1,2F,,,,4,
,,,,,,,,,,K,08,,DGA,0370242,B1,,15.60.07.1,2E,,,,4,
,,,,,,,,,,A,09,,DAC,0371951,Z0,,14.18.15.1,5I,,,,,
,,,,,,,,,,A,09,,DAC,0371951,Z0,,15.38.02.1,5F,,,,,
,,,,,,,,,,A,09,,DAC,0371951,Z0,,15.49.01.1,3E,,,,,
,,,,,,,,,,B,09,,DND,0372127,,,16.12.02.1,4D,,,,,
,,,,,,,,,,B,09,,DND,0372127,,,16.12.02.1,4G,,,,,
,,,,,,,,,,B,09,,DND,0372127,,,16.12.03.1,4E,,,,,
,,,,,,,,,,C,09,,DFS,0370234,,,15.30.06.1,5E,,,,,Identified using Sheet
,,,,,,,,,,C,09,,DFS,0370234,,,15.30.07.1,5E,,,,,Identified using Sheet
,,,,,,,,,,C,09,,DFS,0370234,,,15.30.08.1,5F,,,,,Identified using Sheet
,,,,,,,,,,C,09,,DFS,0370234,,,15.50.02.1,3B,,,,,Identified using Sheet
,,,,,,,,,,C,09,,DFS,0370234,,,15.50.08.1,3H,,,,,Identified using Sheet
,,,,,,,,,,D,09,,DES,0370202,,,15.39.02.1,5B,,,,,Identified using Sheet
,,,,,,,,,,D,09,,DES,0370202,,,15.39.02.1,4B,,,,,Identified using Sheet
,,,,,,,,,,D,09,,DES,0370202,,,15.39.02.1,5C,,,,,Identified using Sheet
,,,,,,,,,,D,09,,DES,0370202,,,15.39.02.1,5E,,,,,Identified using Sheet
,,,,,,,,,,D,09,,DES,0370202,,,15.39.06.1,5E,,,,,Identified using Sheet
,,,,,,,,,,E,09,,YLH,0372289,,,15.50.01.1,4A,,,,,
,,,,,,,,,,E,09,,YLH,0372289,,,15.50.02.1,4A,,,,,
,,,,,,,,,,E,09,,YLH,0372289,,,15.50.04.1,4A,,,,,
,,,,,,,,,,F,09,,YLK,0372262,,,15.30.03.1,,X,250761,,,Not Present On Sheet
,,,,,,,,,,F,09,,YLK,0372262,,,15.30.03.1,,X,250761,,,Not Present On Sheet
,,,,,,,,,,F,09,,YLK,0372262,,,15.30.03.1,,X,250761,,,Not Present On Sheet
,,,,,,,,,,F,09,,YLK,0372262,,,15.30.04.1,,X,250761,,,Not Present On Sheet
,,,,,,,,,,F,09,,YLK,0372262,,,15.30.04.1,,X,250761,,,Not Present On Sheet
,,,,,,,,,,F,09,,YLK,0372262,,,15.30.05.1,,X,250761,,,Not Present On Sheet
,,,,,,,,,,G,09,,DPV,0372126,,,15.49.05.1,2G,,,,,Identified using Sheet
,,,,,,,,,,G,09,,DPV,0372126,,,15.50.06.1,,X,250761,,,Not Present On Sheet
,,,,,,,,,,G,09,,DPV,0372126,,,15.50.06.1,,X,250761,,,Not Present On Sheet
,,,,,,,,,,G,09,,DPV,0372126,,,15.50.10.1,4A,,,,,Identified using Sheet
,,,,,,,,,,G,09,,DPV,0372126,,,15.50.10.1,3A,,,,,Identified using Sheet
,,,,,,,,,,G,09,,DPV,0372126,,,15.50.10.1,3B,,,,,Identified using Sheet
,,,,,,,,,,G,09,,DPV,0372126,,,15.50.10.1,4C,,,,,Identified using Sheet
,,,,,,,,,,H,09,,YLB,0372291,,,15.41.10.1,3A,,,,,Identified using Sheet
,,,,,,,,,,H,09,,YLB,0372291,,,15.41.10.1,3F,,,,,Identified using Sheet
,,,,,,,,,,H,09,,YLB,0372291,,,15.41.10.1,5E,,,,,Identified using Sheet
,,,,,,,,,,H,09,,YLB,0372291,,,15.41.11.1,2B,,,,,Identified using Sheet
,,,,,,,,,,J,09,,DFS,0370234,,,15.60.02.1,1B,,,,,Identified using Sheet
,,,,,,,,,,J,09,,DFS,0370234,,,15.60.02.1,1D,,,,,Identified using Sheet
,,,,,,,,,,J,09,,DFS,0370234,,,15.60.03.1,1B,,,,,Identified using Sheet
,,,,,,,,,,J,09,,DFS,0370234,,,15.60.03.1,1D,,,,,Identified using Sheet
,,,,,,,,,,J,09,,DFS,0370234,,,15.60.04.1,1B,,,,,Identified using Sheet
,,,,,,,,,,K,09,,DGA,0370242,M0,,15.60.05.1,2E,,,,3 4,
,,,,,,,,,,K,09,,DGA,0370242,M0,,15.60.06.1,2E,,,,3 4,
,,,,,,,,,,A,10,,DFK,0370231,Z0,,14.18.06.1,2H,,,,1 6,
,,,,,,,,,,A,10,,DFK,0370231,Z0,,14.18.21.1,2B,,,,1 6,
,,,,,,,,,,A,10,,DFK,0370231,Z0,,14.18.21.1,2D,,,,1 6,
,,,,,,,,,,A,10,,DFK,0370231,Z0,,14.18.21.1,2F,,,,1 6,
,,,,,,,,,,B,10,,DND,0372127,,,15.50.05.1,2B,,,,,
,,,,,,,,,,B,10,,DND,0372127,,,16.12.05.1,4D,,,,,
,,,,,,,,,,B,10,,DND,0372127,,,16.12.06.1,4D,,,,,
,,,,,,,,,,C,10,,AEK,0370215,,,15.30.07.1,3E,,,,,Identified using Sheet
,,,,,,,,,,C,10,,AEK,0370215,,,15.30.08.1,3G,,,,,Identified using Sheet
,,,,,,,,,,C,10,,AEK,0370215,,,15.30.08.1,3H,,,,,Identified using Sheet
,,,,,,,,,,C,10,,AEK,0370215,,,15.30.09.1,3A,,,,,Identified using Sheet
,,,,,,,,,,C,10,,AEK,0370215,,,15.30.09.1,3B,,,,,Identified using Sheet
,,,,,,,,,,D,10,,DAC,0371951,,,15.39.04.1,4E,,,,,
,,,,,,,,,,D,10,,DAC,0371951,,,15.39.05.1,4D,,,,,
,,,,,,,,,,D,10,,DAC,0371951,,,15.39.06.1,4D,,,,,
,,,,,,,,,,E,10,,YLD,0372287,,,16.16.01.1,3B,,,,,Identified Using Sheet
,,,,,,,,,,E,10,,YLD,0372287,,,16.16.01.1,2B,,,,,Identified Using Sheet
,,,,,,,,,,E,10,,YLD,0372287,,,16.16.01.1,2C,,,,,Identified Using Sheet
,,,,,,,,,,E,10,,YLD,0372287,,,16.16.01.1,3G,,,,,Identified Using Sheet
,,,,,,,,,,E,10,,YLD,0372287,,,16.16.01.1,2H,,,,,Identified Using Sheet
,,,,,,,,,,E,10,,YLD,0372287,,,16.16.01.1,2I,,,,,Identified Using Sheet
,,,,,,,,,,F,10,,YLK,0372262,,,15.30.05.1,,X,250761,,,Not present on Sheet
,,,,,,,,,,F,10,,YLK,0372262,,,15.30.06.1,,X,250761,,,Not present on Sheet
,,,,,,,,,,F,10,,YLK,0372262,,,15.30.06.1,,X,250761,,,Not present on Sheet
,,,,,,,,,,F,10,,YLK,0372262,,,15.30.07.1,,X,250761,,,Not present on Sheet
,,,,,,,,,,F,10,,YLK,0372262,,,15.30.08.1,,X,250780,,,Not present on Sheet
,,,,,,,,,,F,10,,YLK,0372262,,,15.30.08.1,,X,250780,,,Not present on Sheet
,,,,,,,,,,G,10,,DPV,0372126,,,15.50.06.1,,X,253453,,,Not present on Sheet
,,,,,,,,,,G,10,,DPV,0372126,,,15.50.06.1,,X,253453,,,Not present on Sheet
,,,,,,,,,,G,10,,DPV,0372126,,,15.50.10.1,5E,,,,,Identified Using Sheet
,,,,,,,,,,G,10,,DPV,0372126,,,15.50.10.1,3E,,,,,Identified Using Sheet
,,,,,,,,,,G,10,,DPV,0372126,,,15.50.10.1,3F,,,,,Identified Using Sheet
,,,,,,,,,,G,10,,DPV,0372126,,,15.50.10.1,4G,,,,,Identified Using Sheet
,,,,,,,,,,G,10,,DPV,0372126,,,16.49.05.1,,X,,,,Missing Sheet
,,,,,,,,,,H,10,,TAU,0370129,,,15.49.02.1,5E,,,,5,Coordinate is hard to read
,,,,,,,,,,H,10,,TAU,0370129,,,15.49.04.1,4B,,,,5,
,,,,,,,,,,H,10,,TAU,0370129,,,15.49.04.1,4D,,,,5,
,,,,,,,,,,H,10,,TAU,0370129,,,15.50.01.1,4C,,,,5,Coorindate is hard to read
,,,,,,,,,,J,10,,TAU,0370129,,,15.30.10.1,2H,,,,5,
,,,,,,,,,,J,10,,TAU,0370129,,,15.49.01.1,4G,,,,5,
,,,,,,,,,,J,10,,TAU,0370129,,,15.50.10.1,5D,,,,5,
,,,,,,,,,,J,10,,TAU,0370129,,,15.60.27.1,2H,,,,5,
,,,,,,,,,,K,10,,DFS,0370234,,,15.60.04.1,1D,,,,,
,,,,,,,,,,K,10,,DFS,0370234,,,15.60.05.1,1D,,,,,
,,,,,,,,,,K,10,,DFS,0370234,,,15.60.05.1,1F,,,,,
,,,,,,,,,,K,10,,DFS,0370234,,,15.60.06.1,1D,,,,,
,,,,,,,,,,K,10,,DFS,0370234,,,15.60.06.1,1F,,,,,
,,,,,,,,,,A,11,,TAU,0370129,Z0,,14.18.03.1,2C,,,,,
,,,,,,,,,,A,11,,TAU,0370129,Z0,,14.18.03.1,3C,,,,,
,,,,,,,,,,A,11,,TAU,0370129,Z0,,14.18.03.1,3G,,,,,
,,,,,,,,,,A,11,,TAU,0370129,Z0,,14.18.17.1,5F,,,,,
,,,,,,,,,,B,11,,DMP,0370891,,,16.12.01.1,4D,,,,,
,,,,,,,,,,B,11,,DMP,0370891,,,16.12.05.1,4B,,,,,
,,,,,,,,,,B,11,,DMP,0370891,,,16.12.06.1,4B,,,,,
,,,,,,,,,,C,11,,DHQ,0370503,,,15.30.07.1,3B,,,,,Identified using Sheet
,,,,,,,,,,C,11,,DHQ,0370503,,,15.30.08.1,3B,,,,,Identified using Sheet
,,,,,,,,,,C,11,,DHQ,0370503,,,15.30.08.1,3C,,,,,Identified using Sheet
,,,,,,,,,,C,11,,DHQ,0370503,,,15.41.10.1,2G,,,,,Identified using Sheet
,,,,,,,,,,C,11,,DHQ,0370503,,,15.50.06.1,,X,253453,,,Not Present on Sheet
,,,,,,,,,,D,11,,DES,0370202,,,15.39.03.1,4B,,,,,Identified using Sheet
,,,,,,,,,,D,11,,DES,0370202,,,15.39.03.1,5B,,,,,Identified using Sheet
,,,,,,,,,,D,11,,DES,0370202,,,15.39.03.1,5C,,,,,Identified using Sheet
,,,,,,,,,,D,11,,DES,0370202,,,15.39.03.1,5E,,,,,Identified using Sheet
,,,,,,,,,,D,11,,DES,0370202,,,15.39.07.1,5E,,,,,Identified using Sheet
,,,,,,,,,,E,11,,YLH,0372289,,,15.50.03.1,4B,,,,,
,,,,,,,,,,E,11,,YLH,0372289,,,15.50.06.1,4A,,,,,
,,,,,,,,,,F,11,,YLK,0372262,,,15.30.08.1,,X,250780,,,Not Present On Sheet (15.50.08.1 4G is DES)
,,,,,,,,,,F,11,,YLK,0372262,,,16.11.01.1,4E,,,,,Identified using Sheet
,,,,,,,,,,F,11,,YLK,0372262,,,16.11.01.1,5H,,,,,Identified using Sheet
,,,,,,,,,,F,11,,YLK,0372262,,,16.12.01.1,5A,,,,,Identified using Sheet
,,,,,,,,,,F,11,,YLK,0372262,,,16.12.01.1,2B,,,,,Identified using Sheet
,,,,,,,,,,F,11,,YLK,0372262,,,16.12.01.1,4E,,,,,Identified using Sheet
,,,,,,,,,,G,11,,DPE,0372107,,,15.50.07.1,,X,0253453,,,Not Present On Sheet
,,,,,,,,,,G,11,,DPE,0372107,,,15.50.07.1,,X,0253453,,,Not Present On Sheet
,,,,,,,,,,G,11,,DPE,0372107,,,15.50.07.1,,X,0253453,,,Not Present On Sheet
,,,,,,,,,,G,11,,DPE,0372107,,,15.50.07.1,,X,0253453,,,Not Present On Sheet
,,,,,,,,,,G,11,,DPE,0372107,,,15.50.07.1,,X,0253453,,,Not Present On Sheet
,,,,,,,,,,G,11,,DPE,0372107,,,15.50.07.1,,X,0253453,,,Not Present On Sheet
,,,,,,,,,,H,11,,DAC,0371951,,,15.10.01.1,3D,,,,,
,,,,,,,,,,H,11,,DAC,0371951,,,15.41.12.1,3A,,,,,
,,,,,,,,,,H,11,,DAC,0371951,,,15.41.12.1,4A,,,,,
,,,,,,,,,,J,11,,DFA,0370224,,,15.60.21.1,1F,,,,,Identified Using Sheet
,,,,,,,,,,J,11,,DFA,0370224,,,15.60.21.1,2F,,,,,Identified Using Sheet
,,,,,,,,,,J,11,,DFA,0370224,,,15.60.21.1,3F,,,,,Identified Using Sheet
,,,,,,,,,,J,11,,DFA,0370224,,,15.60.21.1,1G,,,,,Identified Using Sheet
,,,,,,,,,,J,11,,DFA,0370224,,,15.60.22.1,1F,,,,,Identified Using Sheet
,,,,,,,,,,J,11,,DFA,0370224,,,15.60.22.1,2F,,,,,Identified Using Sheet
,,,,,,,,,,J,11,,DFA,0370224,,,15.60.22.1,3F,,,,,Identified Using Sheet
,,,,,,,,,,J,11,,DFA,0370224,,,15.60.22.1,1G,,,,,Identified Using Sheet
,,,,,,,,,,K,11,,DGR,0370258,,,15.49.01.1,1B,,,,6,Identified Using Sheet
,,,,,,,,,,K,11,,DGR,0370258,,,15.49.01.1,1D,,,,6,Identified Using Sheet
,,,,,,,,,,K,11,,DGR,0370258,,,15.60.08.1,1C,,,,6,Identified Using Sheet
,,,,,,,,,,K,11,,DGR,0370258,,,15.60.08.1,1E,,,,6,Identified Using Sheet
,,,,,,,,,,K,11,,DGR,0370258,,,15.60.09.1,4D,,,,6,Identified Using Sheet
,,,,,,,,,,A,12,,DET,0370203,Z0,,14.18.03.1,5A,,,,,Identified Using Sheet
,,,,,,,,,,A,12,,DET,0370203,Z0,,14.18.03.1,5B,,,,,Identified Using Sheet
,,,,,,,,,,A,12,,DET,0370203,Z0,,14.18.03.1,4B,,,,,Identified Using Sheet
,,,,,,,,,,A,12,,DET,0370203,Z0,,14.18.03.1,2B,,,,,Identified Using Sheet
,,,,,,,,,,A,12,,DET,0370203,Z0,,14.18.03.1,1B,,,,,Identified Using Sheet
,,,,,,,,,,A,12,,DET,0370203,Z0,,14.18.03.1,5C,,,,,Identified Using Sheet
,,,,,,,,,,B,12,,DMS,0370893,,,16.16.01.1,3D,,,,,
,,,,,,,,,,B,12,,DMS,0370893,,,16.16.01.1,4A,,,,,
,,,,,,,,,,B,12,,DMS,0370893,,,16.16.01.1,4C,,,,,
,,,,,,,,,,B,12,,DMS,0370893,,,16.16.01.1,4F,,,,,
,,,,,,,,,,C,12,,DAC,0371951,,,15.38.01.1,4F,,,,,
,,,,,,,,,,C,12,,DAC,0371951,,,15.38.01.1,5G,,,,,
,,,,,,,,,,C,12,,DAC,0371951,,,15.38.01.1,5I,,,,,
,,,,,,,,,,D,12,,DAX,0370084,L2,,15.39.05.1,4G,,,,4 5,
,,,,,,,,,,D,12,,DAX,0370084,L2,,15.39.06.1,4G,,,,4 5,
,,,,,,,,,,D,12,,DAX,0370084,L2,,15.39.07.1,4G,,,,4 5,
,,,,,,,,,,E,12,,YLJ,0372290,,,15.50.01.1,4E,,,,,
,,,,,,,,,,E,12,,YLJ,0372290,,,15.50.05.1,4E,,,,,
,,,,,,,,,,E,12,,YLJ,0372290,,,15.50.06.1,4D,,,,,
,,,,,,,,,,F,12,,DND,0372127,,,16.11.01.1,4D,,,,,
,,,,,,,,,,F,12,,DND,0372127,,,16.11.02.1,4B,,,,,
,,,,,,,,,,F,12,,DND,0372127,,,16.11.02.1,4D,,,,,
,,,,,,,,,,G,12,,DPB,0372124,,,15.41.07.1,4A,,,,,
,,,,,,,,,,G,12,,DPB,0372124,,,15.41.07.1,4B,,,,,
,,,,,,,,,,G,12,,DPB,0372124,,,15.41.07.1,4C,,,,,
,,,,,,,,,,G,12,,DPB,0372124,,,15.41.07.1,4F,,,,,
,,,,,,,,,,H,12,,TAU,0370129,Z0,,14.18.21.1,3C,,,,,
,,,,,,,,,,H,12,,TAU,0370129,Z0,,14.18.21.1,3D,,,,,
,,,,,,,,,,H,12,,TAU,0370129,Z0,,14.18.21.1,3E,,,,,Verified using Sheet
,,,,,,,,,,H,12,,TAU,0370129,Z0,,14.18.21.1,3I,,,,,
,,,,,,,,,,J,12,,DFC,0370205,,,15.60.21.1,4F,,,,,
,,,,,,,,,,J,12,,DFC,0370205,,,15.60.21.1,4G,,,,,
,,,,,,,,,,J,12,,DFC,0370205,,,15.60.22.1,4F,,,,,
,,,,,,,,,,J,12,,DFC,0370205,,,15.60.22.1,4G,,,,,
,,,,,,,,,,K,12,,DFB,0370206,,,15.38.02.1,4F,,,,,
,,,,,,,,,,K,12,,DFB,0370206,,,15.38.02.1,5H,,,,,
,,,,,,,,,,K,12,,DFB,0370206,,,15.50.09.1,5E,,,,,
,,,,,,,,,,K,12,,DFB,0370206,,,15.50.09.1,4E,,,,,
,,,,,,,,,,K,12,,DFB,0370206,,,15.50.10.1,4H,,,,,
,,,,,,,,,,K,12,,DFB,0370206,,,15.50.10.1,5H,,,,,
,,,,,,,,,,A,13,,DFB,0370206,Z0,,14.18.03.1,2F,,,,1,
,,,,,,,,,,A,13,,DFB,0370206,Z0,,14.18.03.1,3F,,,,1,
,,,,,,,,,,A,13,,DFB,0370206,Z0,,14.08.17.1,3A,,,,1,
,,,,,,,,,,A,13,,DFB,0370206,Z0,,14.08.17.1,5A,,,,1,
,,,,,,,,,,B,13,,DMS,0370893,,,15.49.05.1,2H,,,,,
,,,,,,,,,,B,13,,DMS,0370893,,,16.12.01.1,4F,,,,,
,,,,,,,,,,B,13,,DMS,0370893,,,16.16.01.1,3I,,,,,
,,,,,,,,,,B,13,,DMS,0370893,,,16.16.01.1,4H,,,,,
,,,,,,,,,,C,13,,DAC,0371951,,,15.38.01.1,3I,,,,,
,,,,,,,,,,C,13,,DAC,0371951,,,15.38.01.1,4A,,,,,
,,,,,,,,,,C,13,,DAC,0371951,,,15.38.02.1,4D,,,,,
,,,,,,,,,,D,13,,TAU,0370129,L2,,15.39.06.1,5G,,,,4 5,
,,,,,,,,,,D,13,,TAU,0370129,L2,,15.39.07.1,5G,,,,4 5,
,,,,,,,,,,D,13,,TAU,0370129,L2,,15.39.08.1,5G,,,,4 5,
,,,,,,,,,,E,13,,DAW,0370083,,,15.49.01.1,2A,,,,,
,,,,,,,,,,E,13,,DAW,0370083,,,15.49.01.1,2D,,,,,
,,,,,,,,,,E,13,,DAW,0370083,,,15.49.01.1,3B,,,,,
,,,,,,,,,,F,13,,DMQ,0372125,,,16.11.01.1,4F,,,,,
,,,,,,,,,,F,13,,DMQ,0372125,,,16.11.06.1,4E,,,,,
,,,,,,,,,,G,13,,DPE,0372107,,,15.50.07.1,,X,253453,,,Not Present on Sheet
,,,,,,,,,,G,13,,DPE,0372107,,,15.50.07.1,,X,253453,,,Not Present on Sheet
,,,,,,,,,,G,13,,DPE,0372107,,,15.50.07.1,,X,253453,,,Not Present on Sheet
,,,,,,,,,,G,13,,DPE,0372107,,,15.50.07.1,,X,253453,,,Not Present on Sheet
,,,,,,,,,,G,13,,DPE,0372107,,,15.50.07.1,,X,253453,,,Not Present on Sheet
,,,,,,,,,,G,13,,DPE,0372107,,,15.50.07.1,,X,253453,,,Not Present on Sheet
,,,,,,,,,,H,13,,DAC,0371951,,,15.49.05.1,3G,,,,,
,,,,,,,,,,H,13,,DAC,0371951,,,15.50.04.1,4F,,,,,
,,,,,,,,,,H,13,,DAC,0371951,,,15.50.10.1,4D,,,,,
,,,,,,,,,,J,13,,DFD,0370204,,,15.60.21.1,2B,,,,,Identified Using Sheet
,,,,,,,,,,J,13,,DFD,0370204,,,15.60.21.1,3B,,,,,
,,,,,,,,,,J,13,,DFD,0370204,,,15.60.21.1,4B,,,,,
,,,,,,,,,,J,13,,DFD,0370204,,,15.60.22.1,2B,,,,,
,,,,,,,,,,J,13,,DFD,0370204,,,15.60.22.1,3B,,,,,
,,,,,,,,,,J,13,,DFD,0370204,,,15.60.22.1,4B,,,,,
,,,,,,,,,,K,13,,DGA,0370242,,,15.60.01.1,2I,,,,,
,,,,,,,,,,K,13,,DGA,0370242,,,15.60.02.1,2I,,,,,
,,,,,,,,,,K,13,,DGA,0370242,,,15.60.03.1,2I,,,,,
,,,,,,,,,,K,13,,DGA,0370242,,,15.60.04.1,2I,,,,,
,,,,,,,,,,A,14,,DES,0370202,Z0,,14.18.03.1,5D,,,,,Identified Using Sheet
,,,,,,,,,,A,14,,DES,0370202,Z0,,14.18.03.1,4E,,,,,Identified Using Sheet
,,,,,,,,,,A,14,,DES,0370202,Z0,,14.18.03.1,5E,,,,,Identified Using Sheet
,,,,,,,,,,A,14,,DES,0370202,Z0,,14.18.03.1,5G,,,,,Identified Using Sheet
,,,,,,,,,,A,14,,DES,0370202,Z0,,14.18.03.1,5H,,,,,Identified Using Sheet
,,,,,,,,,,B,14,,DPH,0372109,,,15.41.07.1,3D,,,,,
,,,,,,,,,,B,14,,DPH,0372109,,,16.12.04.1,4C,,,,,
,,,,,,,,,,B,14,,DPH,0372109,,,16.12.05.1,4F,,,,,
,,,,,,,,,,C,14,,DAC,0371951,,,15.38.01.1,4G,,,,,
,,,,,,,,,,C,14,,DAC,0371951,,,15.38.02.1,3I,,,,,
,,,,,,,,,,C,14,,DAC,0371951,,,15.49.01.1,2H,,,,,
,,,,,,,,,,D,14,,DFS,0370234,,,15.41.07.1,1B,,,,6,Identified Using Sheet
,,,,,,,,,,D,14,,DFS,0370234,,,15.49.06.1,5E,,,,6,Identified Using Sheet
,,,,,,,,,,D,14,,DFS,0370234,,,15.50.05.1,,X,253453,,6,Not Present On Sheet
,,,,,,,,,,D,14,,DFS,0370234,,,15.50.07.1,,X,253453,,6,Not Present On Sheet
,,,,,,,,,,D,14,,DFS,0370234,,,15.50.07.1,,X,253453,,6,Not Present On Sheet
,,,,,,,,,,E,14,,YLB,0372291,,,15.41.10.1,4B,,,,,
,,,,,,,,,,E,14,,YLB,0372291,,,15.41.10.1,5A,,,,,
,,,,,,,,,,E,14,,YLB,0372291,,,15.41.10.1,5B,,,,,
,,,,,,,,,,E,14,,YLB,0372291,,,15.41.10.1,5C,,,,,
,,,,,,,,,,F,14,,DMQ,0372125,,,16.11.01.1,4B,,,,,
,,,,,,,,,,F,14,,DMQ,0372125,,,16.11.02.1,4E,,,,,
,,,,,,,,,,G,14,,DPB,0372124,,,15.41.07.1,3E,,,,,Hard to read - Verified Using Sheet
,,,,,,,,,,G,14,,DPB,0372124,,,15.41.07.1,4D,,,,,
,,,,,,,,,,G,14,,DPB,0372124,,,15.41.07.0,4E,,,,,
,,,,,,,,,,H,14,,DAC,0371951,,,15.49.03.1,3D,,,,,
,,,,,,,,,,H,14,,DAC,0371951,,,15.49.03.1,4B,,,,,
,,,,,,,,,,H,14,,DAC,0371951,,,15.49.03.1,4F,,,,,
,,,,,,,,,,J,14,,DEW,0370211,,,15.60.07.1,1D,,,,,Identified Using Sheet
,,,,,,,,,,J,14,,DEW,0370211,,,15.60.21.1,4C,,,,,Identified Using Sheet
,,,,,,,,,,J,14,,DEW,0370211,,,15.60.22.1,4C,,,,,Identified Using Sheet
,,,,,,,,,,J,14,,DEW,0370211,,,15.60.23.1,4C,,,,,Identified Using Sheet
,,,,,,,,,,J,14,,DEW,0370211,,,15.60.24.1,4C,,,,,Identified Using Sheet
,,,,,,,,,,J,14,,DEW,0370211,,,15.60.25.1,4C,,,,,Identified Using Sheet
,,,,,,,,,,K,14,,RESERVED,,,X,,,,,,SPEC ENG,
,,,,,,,,,,A,15,,TAU,0370129,Z0,,14.18.03.1,3H,,,,,
,,,,,,,,,,A,15,,TAU,0370129,Z0,,14.16.05.1,5A,,,,,
,,,,,,,,,,A,15,,TAU,0370129,Z0,,14.18.05.1,5F,,,,,
,,,,,,,,,,A,15,,TAU,0370129,Z0,,14.18.06.1,2I,,,,,
,,,,,,,,,,B,15,,DPG,0372108,,,16.12.01.1,4B,,,,,
,,,,,,,,,,B,15,,DPG,0372108,,,16.12.01.1,4C,,,,,
,,,,,,,,,,B,15,,DPG,0372108,,,16.12.01.1,4G,,,,,
,,,,,,,,,,C,15,,DFS,0370234,,,15.38.01.1,1A,,,,6 7 8,Identified Using Sheet
,,,,,,,,,,C,15,,DFS,0370234,,,15.38.01.1,1I,,,,6 7 8,Identified Using Sheet
,,,,,,,,,,C,15,,DFS,0370234,,,15.50.02.1,,X,253453,,6 7 8,Not Present on Sheet
,,,,,,,,,,C,15,,DFS,0370234,,,15.50.03.1,,X,253453,,6 7 8,Not Present on Sheet
,,,,,,,,,,C,15,,DFS,0370234,,,15.50.03.1,,X,253453,,6 7 8,Not Present on Sheet
,,,,,,,,,,D,15,,DFD,0370204,,,15.39.07.1,4A,,,,,Identified Using Sheet
,,,,,,,,,,D,15,,DFD,0370204,,,15.39.07.1,5A,,,,,Identified Using Sheet
,,,,,,,,,,D,15,,DFD,0370204,,,15.39.07.1,5B,,,,,Identified Using Sheet
,,,,,,,,,,D,15,,DFD,0370204,,,15.39.08.1,4B,,,,,Identified Using Sheet
,,,,,,,,,,D,15,,DFD,0370204,,,15.39.08.1,5B,,,,,Identified Using Sheet
,,,,,,,,,,D,15,,DFD,0370204,,,15.39.08.1,4C,,,,,Identified Using Sheet
,,,,,,,,,,E,15,,DAX,0370084,,,15.41.01.1,5B,,,,,
,,,,,,,,,,E,15,,DAX,0370084,,,15.41.12.1,4I,,,,,
,,,,,,,,,,E,15,,DAX,0370084,,,15.49.01.1,3H,,,,,
,,,,,,,,,,E,15,,DAX,0370084,,,15.49.01.1,5A,,,,,
,,,,,,,,,,F,15,,DAC,0371951,,,15.49.01.1,4F,,,,,
,,,,,,,,,,F,15,,DAC,0371951,,,15.49.04.1,4E,,,,,
,,,,,,,,,,F,15,,DAC,0371951,,,16.17.01.1,3F,,,,,
,,,,,,,,,,G,15,,DMX,0370897,M0,,15.41.04.1,4B,,,,,
,,,,,,,,,,G,15,,DMX,0370897,M0,,15.41.04.1,4E,,,,,
,,,,,,,,,,H,15,,DFF,0370223,,,15.41.02.1,5B,,,,,Identified Using Sheet
,,,,,,,,,,H,15,,DFF,0370223,,,15.41.02.1,1C,,,,,Identified Using Sheet
,,,,,,,,,,H,15,,DFF,0370223,,,15.41.02.1,4C,,,,,Identified Using Sheet
,,,,,,,,,,H,15,,DFF,0370223,,,15.41.02.1,3D,,,,,Identified Using Sheet
,,,,,,,,,,H,15,,DFF,0370223,,,15.41.02.1,3E,,,,,Identified Using Sheet
,,,,,,,,,,H,15,,DFF,0370223,,,15.41.02.1,1F,,,,,Identified Using Sheet
,,,,,,,,,,H,15,,DFF,0370223,,,15.41.02.1,4F,,,,,Identified Using Sheet
,,,,,,,,,,H,15,,DFF,0370223,,,15.41.02.1,5G,,,,,Identified Using Sheet
,,,,,,,,,,J,15,,DFA,0370224,,,15.60.23.1,1F,,,,,Identified Using Sheet
,,,,,,,,,,J,15,,DFA,0370224,,,15.60.23.1,2F,,,,,Identified Using Sheet
,,,,,,,,,,J,15,,DFA,0370224,,,15.60.23.1,3F,,,,,Identified Using Sheet
,,,,,,,,,,J,15,,DFA,0370224,,,15.60.23.1,1G,,,,,Identified Using Sheet
,,,,,,,,,,J,15,,DFA,0370224,,,15.60.24.1,1F,,,,,Identified Using Sheet
,,,,,,,,,,J,15,,DFA,0370224,,,15.60.24.1,2F,,,,,Identified Using Sheet
,,,,,,,,,,J,15,,DFA,0370224,,,15.60.24.1,3F,,,,,Identified Using Sheet
,,,,,,,,,,J,15,,DFA,0370224,,,15.60.24.1,1G,,,,,Identified Using Sheet
,,,,,,,,,,K,15,,DGA,0370242,,,15.60.05.1,2I,,,,,
,,,,,,,,,,K,15,,DGA,0370242,,,15.60.06.1,2I,,,,,
,,,,,,,,,,K,15,,DGA,0370242,,,15.60.07.1,3I,,,,,
,,,,,,,,,,K,15,,DGA,0370242,,,15.60.08.1,2F,,,,,
,,,,,,,,,,A,16,,DEV,0370214,Z0,,14.18.04.1,4C,,,,2,
,,,,,,,,,,A,16,,DEV,0370214,Z0,,14.18.04.1,4D,,,,2,
,,,,,,,,,,A,16,,DEV,0370214,Z0,,14.18.04.1,5D,,,,2,
,,,,,,,,,,A,16,,DEV,0370214,Z0,,14.18.04.1,5E,,,,2,
,,,,,,,,,,B,16,,DMQ,0372125,,,16.11.01.1,4C,,,,,
,,,,,,,,,,B,16,,DMQ,0372125,,,16.12.02.1,4F,,,,,
,,,,,,,,,,C,16,,TAU,0370129,,,15.38.01.1,4B,,,,,
,,,,,,,,,,C,16,,TAU,0370129,,,15.38.01.1,4H,,,,,
,,,,,,,,,,C,16,,TAU,0370129,,,15.38.02.1,3E,,,,,
,,,,,,,,,,C,16,,TAU,0370129,,,15.41.11.1,4E,,,,,
,,,,,,,,,,D,16,,TAU,0370129,,,15.39.07.1,5C,,,,,
,,,,,,,,,,D,16,,TAU,0370129,,,15.39.07.1,5D,,,,,
,,,,,,,,,,D,16,,TAU,0370129,,,15.39.07.1,5F,,,,,
,,,,,,,,,,D,16,,TAU,0370129,,,15.39.08.1,5D,,,,,
,,,,,,,,,,E,16,,AEK,0370215,,,15.41.12.1,2A,,,,,
,,,,,,,,,,E,16,,AEK,0370215,,,15.50.05.1,1E,,,,,
,,,,,,,,,,E,16,,AEK,0370215,,,15.50.06.1,1D,,,,,
,,,,,,,,,,F,16,,DFJ,0370232,,,15.50.04.1,2I,,,,8 11 12,Identified Using Sheet
,,,,,,,,,,F,16,,DFJ,0370232,,,15.50.05.1,1I,,,,8 11 12,Identified Using Sheet
,,,,,,,,,,F,16,,DFJ,0370232,,,15.50.06.1,1I,,,,8 11 12,Identified Using Sheet
,,,,,,,,,,F,16,,DFJ,0370232,,,15.50.08.1,2I,,,,8 11 12,Identified Using Sheet
,,,,,,,,,,F,16,,DFJ,0370232,,,18.14.06.1,,X,251773,,8 11 12,Not Present On Sheet
,,,,,,,,,,G,16,,DMR,0370892,,,15.49.05.1,2A,,,,,
,,,,,,,,,,G,16,,DMR,0370892,,,15.49.06.1,3E,,,,,
,,,,,,,,,,G,16,,DMR,0370892,,,15.49.06.1,3G,,,,,
,,,,,,,,,,H,16,,DFF,0370223,M0,,15.41.03.1,5B,,,,9,Identified Using Sheet
,,,,,,,,,,H,16,,DFF,0370223,M0,,15.41.03.1,4C,,,,9,Identified Using Sheet
,,,,,,,,,,H,16,,DFF,0370223,M0,,15.41.03.1,1C,,,,9,Identified Using Sheet
,,,,,,,,,,H,16,,DFF,0370223,M0,,15.41.03.1,3D,,,,9,Identified Using Sheet
,,,,,,,,,,H,16,,DFF,0370223,M0,,15.41.03.1,3E,,,,9,Identified Using Sheet
,,,,,,,,,,H,16,,DFF,0370223,M0,,15.41.03.1,4F,,,,9,Identified Using Sheet
,,,,,,,,,,H,16,,DFF,0370223,M0,,15.41.03.1,5G,,,,9,Identified Using Sheet
,,,,,,,,,,H,16,,DFF,0370223,M0,,15.41.03.1,1E,,,,9,Identified Using Sheet
,,,,,,,,,,J,16,,DFC,0370205,,,15.60.23.1,4F,,,,,
,,,,,,,,,,J,16,,DFC,0370205,,,15.60.23.1,4G,,,,,
,,,,,,,,,,J,16,,DFC,0370205,,,15.60.24.1,4F,,,,,
,,,,,,,,,,J,16,,DFC,0370205,,,15.60.24.1,4G,,,,,
,,,,,,,,,,K,16,,RESERVED,,,X,,,,,,SPEC ENG,
,,,,,,,,,,A,17,,DFS,0370234,Z0,,14.18.04.1,,X,,,6 7 8,MISSING SHEET
,,,,,,,,,,A,17,,DFS,0370234,Z0,,14.18.04.1,,X,,,6 7 8,MISSING SHEET
,,,,,,,,,,A,17,,DFS,0370234,Z0,,14.18.04.1,,X,,,6 7 8,MISSING SHEET
,,,,,,,,,,A,17,,DFS,0370234,Z0,,14.18.05.1,5B,,,,6 7 8,Identified Using Sheet
,,,,,,,,,,A,17,,DFS,0370234,Z0,,14.18.05.1,5E,,,,6 7 8,Identified Using Sheet
,,,,,,,,,,B,17,,EMPTY,,,X,,,,,,,
,,,,,,,,,,C,17,,DFK,0370231,,,14.18.06.1,1I,,,,,Identified Using Sheet
,,,,,,,,,,C,17,,DFK,0370231,,,15.38.02.1,1A,,,,,Identified Using Sheet
,,,,,,,,,,C,17,,DFK,0370231,,,15.38.02.1,1F,,,,,Identified Using Sheet
,,,,,,,,,,C,17,,DFK,0370231,,,15.41.01.1,1D,,,,,Identified Using Sheet
,,,,,,,,,,C,17,,DFK,0370231,,,15.41.10.1,2B,,,,,Identified Using Sheet
,,,,,,,,,,C,17,,DFK,0370231,,,15.49.03.1,1B,,,,,Sheet number unclear
,,,,,,,,,,D,17,,DAC,0371951,,,15.39.06.1,5F,,,,,
,,,,,,,,,,D,17,,DAC,0371951,,,15.39.07.1,4D,,,,,
,,,,,,,,,,D,17,,DAC,0371951,,,15.38.08.1,4D,,,,,
,,,,,,,,,,E,17,,EMPTY,,,X,,,,,,,
,,,,,,,,,,F,17,,EMPTY,,,X,,,,,,,
,,,,,,,,,,G,17,,DPB,0372124,M0,,15.41.04.1,4A,,,,,
,,,,,,,,,,G,17,,DPB,0372124,M0,,15.41.04.1,4D,,,,,
,,,,,,,,,,H,17,,TFY,0370888,,,15.41.11.1,1B,,,,,Identified Using Sheet
,,,,,,,,,,H,17,,TFY,0370888,,,15.49.05.1,1E,,,,,Identified Using Sheet
,,,,,,,,,,H,17,,TFY,0370888,,,15.49.05.1,2E,,,,,Identified Using Sheet
,,,,,,,,,,H,17,,TFY,0370888,,,15.50.05.1,,X,253453,,,Not Present On Sheet
,,,,,,,,,,H,17,,TFY,0370888,,,15.50.06.1,,X,253453,,,Not Present On Sheet
,,,,,,,,,,H,17,,TFY,0370888,,,15.60.06.1,2D,,,,,Identified Using Sheet
,,,,,,,,,,J,17,,DFD,0370204,,,15.60.23.1,2B,,,,,Identified Using Sheet
,,,,,,,,,,J,17,,DFD,0370204,,,15.60.23.1,3B,,,,,Identified Using Sheet
,,,,,,,,,,J,17,,DFD,0370204,,,15.60.23.1,4B,,,,,Identified Using Sheet
,,,,,,,,,,J,17,,DFD,0370204,,,15.60.24.1,2B,,,,,Identified Using Sheet
,,,,,,,,,,J,17,,DFD,0370204,,,15.60.24.1,3B,,,,,Identified Using Sheet
,,,,,,,,,,J,17,,DFD,0370204,,,15.60.24.1,4B,,,,,Identified Using Sheet
,,,,,,,,,,K,17,,DED,0371987,M0,,15.60.31.1,3B,,,,,
,,,,,,,,,,K,17,,DED,0371987,M0,,15.60.31.1,3F,,,,,
,,,,,,,,,,K,17,,DED,0371987,M0,,15.60.32.1,3B,,,,,
,,,,,,,,,,K,17,,DED,0371987,M0,,15.60.32.1,3F,,,,,
,,,,,,,,,,A,18,,DFS,0370234,Z0,,14.18.05.1,3C,,,,6 7 8,Identified Using Sheet
,,,,,,,,,,A,18,,DFS,0370234,Z0,,14.18.05.1,3E,,,,6 7 8,Identified Using Sheet
,,,,,,,,,,A,18,,DFS,0370234,Z0,,14.18.05.1,3G,,,,6 7 8,Identified Using Sheet
,,,,,,,,,,A,18,,DFS,0370234,Z0,,14.18.05.1,3H,,,,6 7 8,Identified Using Sheet
,,,,,,,,,,A,18,,DFS,0370234,Z0,,14.18.08.1,1E,,,,6 7 8,Identified Using Sheet
,,,,,,,,,,B,18,,DFS,0370234,Z0,,14.18.05.1,3A,,,,,Identified Using Sheet
,,,,,,,,,,B,18,,DFS,0370234,Z0,,14.18.06.1,5A,,,,,Identified Using Sheet
,,,,,,,,,,B,18,,DFS,0370234,Z0,,14.18.08.1,1C,,,,,Identified Using Sheet
,,,,,,,,,,B,18,,DFS,0370234,Z0,,14.18.08.1,1G,,,,,Identified Using Sheet
,,,,,,,,,,B,18,,DFS,0370234,Z0,,14.18.21.1,4A,,,,,Identified Using Sheet
,,,,,,,,,,C,18,,DFE,0370201,,,15.38.02.1,4A,,,,,
,,,,,,,,,,C,18,,DFE,0370201,,,15.38.02.1,4B,,,,,
,,,,,,,,,,C,18,,DFE,0370201,,,15.38.02.1,5C,,,,,
,,,,,,,,,,C,18,,DFE,0370201,,,15.38.02.1,5D,,,,,
,,,,,,,,,,D,18,,AEK,0370215,,,15.39.01.1,3E,,,,,
,,,,,,,,,,D,18,,AEK,0370215,,,15.39.02.1,3E,,,,,
,,,,,,,,,,D,18,,AEK,0370215,,,15.39.03.1,3E,,,,,
,,,,,,,,,,E,18,,DFS,0370234,,,15.38.01.1,1B,,,,5 6 7 8,
,,,,,,,,,,E,18,,DFS,0370234,,,15.38.01.1,1F,,,,5 6 7 8,
,,,,,,,,,,E,18,,DFS,0370234,,,15.38.01.1,1G,,,,5 6 7 8,
,,,,,,,,,,E,18,,DFS,0370234,,,15.38.01.1,1H,,,,5 6 7 8,
,,,,,,,,,,F,18,,DFC,0370205,Z0,,14.18.21.1,3B,,,,,
,,,,,,,,,,F,18,,DFC,0370205,Z0,,14.18.21.1,3F,,,,,
,,,,,,,,,,F,18,,DFC,0370205,Z0,,14.18.21.1,3G,,,,,
,,,,,,,,,,F,18,,DFC,0370205,Z0,,14.18.21.1,3H,,,,,
,,,,,,,,,,G,18,,DMS,0370893,,,15.49.04.1,1B,,,,,
,,,,,,,,,,G,18,,DMS,0370893,,,15.49.05.1,3A,,,,,
,,,,,,,,,,G,18,,DMS,0370893,,,15.50.08.1,5E,,,,,
,,,,,,,,,,G,18,,DMS,0370893,,,15.50.08.1,5F,,,,,
,,,,,,,,,,H,18,,TAU,0370129,,,15.50.02.1,5G,,,,,
,,,,,,,,,,H,18,,TAU,0370129,,,15.50.03.1,5C,,,,,
,,,,,,,,,,H,18,,TAU,0370129,,,15.50.03.1,5G,,,,,
,,,,,,,,,,H,18,,TAU,0370129,,,15.50.05.1,2I,,,,,
,,,,,,,,,,J,18,,DFA,0370224,,,15.60.25.1,1F,,,,,Identified Using Sheet
,,,,,,,,,,J,18,,DFA,0370224,,,15.60.25.1,2F,,,,,Identified Using Sheet
,,,,,,,,,,J,18,,DFA,0370224,,,15.60.25.1,3F,,,,,Identified Using Sheet
,,,,,,,,,,J,18,,DFA,0370224,,,15.60.25.1,1G,,,,,Identified Using Sheet
,,,,,,,,,,J,18,,DFA,0370224,,,15.60.26.1,1F,,,,,Identified Using Sheet
,,,,,,,,,,J,18,,DFA,0370224,,,15.60.26.1,2F,,,,,Identified Using Sheet
,,,,,,,,,,J,18,,DFA,0370224,,,15.60.26.1,3F,,,,,Identified Using Sheet
,,,,,,,,,,J,18,,DFA,0370224,,,15.60.26.1,1G,,,,,Identified Using Sheet
,,,,,,,,,,K,18,,DED,0371987,B1,,15.60.31.1,3C,,,,,Identified Using Sheet
,,,,,,,,,,K,18,,DED,0371987,B1,,15.60.31.1,3G,,,,,Identified Using Sheet
,,,,,,,,,,K,18,,DED,0371987,B1,,15.60.32.1,3C,,,,,Identified Using Sheet
,,,,,,,,,,K,18,,DED,0371987,B1,,15.60.32.1,3G,,,,,Identified Using Sheet
,,,,,,,,,,A,19,,DFC,0370205,Z0,,14.18.06.1,3B,,,,,
,,,,,,,,,,A,19,,DFC,0370205,Z0,,14.18.06.1,3D,,,,,
,,,,,,,,,,A,19,,DFC,0370205,Z0,,14.18.06.1,3F,,,,,
,,,,,,,,,,A,19,,DFC,0370205,Z0,,14.18.06.1,3H,,,,,
,,,,,,,,,,B,19,,TAU,0370129,Z0,,14.18.17.1,4B,,,,,
,,,,,,,,,,B,19,,TAU,0370129,Z0,,14.18.17.1,4C,,,,,
,,,,,,,,,,B,19,,TAU,0370129,Z0,,14.18.17.1,4H,,,,,
,,,,,,,,,,B,19,,TAU,0370129,Z0,,15.41.12.1,3E,,,,,
,,,,,,,,,,C,19,,DGR,0370258,,,15.38.01.1,3A,,,,2 4 6,
,,,,,,,,,,C,19,,DGR,0370258,,,15.38.01.1,3B,,,,2 4 6,
,,,,,,,,,,C,19,,DGR,0370258,,,15.49.02.1,3G,,,,2 4 6,Identified Using Sheet
,,,,,,,,,,C,19,,DGR,0370258,,,15.49.05.1,2I,,,,2 4 6,
,,,,,,,,,,D,19,,AEK,0370215,,,15.39.04.1,3E,,,,,
,,,,,,,,,,D,19,,AEK,0370215,,,15.39.05.1,3D,,,,,
,,,,,,,,,,D,19,,AEK,0370215,,,15.39.06.1,3D,,,,,
,,,,,,,,,,E,19,,DGR,0370258,,,15.38.01.1,3E,,,,2 4 6,Identified Using Sheet
,,,,,,,,,,E,19,,DGR,0370258,,,15.38.01.1,3G,,,,2 4 6,Identified Using Sheet
,,,,,,,,,,E,19,,DGR,0370258,,,15.38.01.1,3H,,,,2 4 6,Identified Using Sheet
,,,,,,,,,,E,19,,DGR,0370258,,,15.60.28.1,1B,,,,2 4 6,Identified Using Sheet
,,,,,,,,,,E,19,,DGR,0370258,,,15.60.28.1,2C,,,,2 4 6,Identified Using Sheet
,,,,,,,,,,F,19,,DGR,0370258,Z0,,14.18.06.1,4A,,,,2 6,Identified Using Sheet
,,,,,,,,,,F,19,,DGR,0370258,Z0,,14.18.08.1,2D,,,,2 6,Identified Using Sheet
,,,,,,,,,,F,19,,DGR,0370258,Z0,,14.18.08.1,2E,,,,2 6,Identified Using Sheet
,,,,,,,,,,F,19,,DGR,0370258,Z0,,14.18.08.1,2G,,,,2 6,Identified Using Sheet
,,,,,,,,,,F,19,,DGR,0370258,Z0,,14.18.08.1,2H,,,,2 6,Identified Using Sheet
,,,,,,,,,,G,19,,DMU,0370895,,,15.49.02.1,1C,,,,,Identified Using Sheet
,,,,,,,,,,G,19,,DMU,0370895,,,15.49.05.1,4B,,,,,Identified Using Sheet
,,,,,,,,,,G,19,,DMU,0370895,,,16.12.01.1,1B,,,,,Identified Using Sheet
,,,,,,,,,,G,19,,DMU,0370895,,,16.16.01.1,3A,,,,,Identified Using Sheet
,,,,,,,,,,G,19,,DMU,0370895,,,16.16.01.1,3F,,,,,Identified Using Sheet
,,,,,,,,,,H,19,,DFF,0370223,,,15.41.06.1,,X,,,,MISSING SHEET
,,,,,,,,,,H,19,,DFF,0370223,,,15.41.06.1,,X,,,,MISSING SHEET
,,,,,,,,,,H,19,,DFF,0370223,,,15.41.06.1,,X,,,,MISSING SHEET
,,,,,,,,,,H,19,,DFF,0370223,,,15.41.06.1,,X,,,,MISSING SHEET
,,,,,,,,,,H,19,,DFF,0370223,,,15.41.06.1,,X,,,,MISSING SHEET
,,,,,,,,,,H,19,,DFF,0370223,,,15.41.06.1,,X,,,,MISSING SHEET
,,,,,,,,,,H,19,,DFF,0370223,,,15.41.06.1,,X,,,,MISSING SHEET
,,,,,,,,,,H,19,,DFF,0370223,,,15.41.06.1,,X,,,,MISSING SHEET
,,,,,,,,,,J,19,,DFC,0370205,,,15.60.25.1,4F,,,,,
,,,,,,,,,,J,19,,DFC,0370205,,,15.60.25.1,4G,,,,,
,,,,,,,,,,J,19,,DFC,0370205,,,15.60.26.1,4F,,,,,
,,,,,,,,,,J,19,,DFC,0370205,,,15.60.26.1,4G,,,,,
,,,,,,,,,,K,19,,DED,0371987,F1,X,15.60.31.1,3D,,,,,
,,,,,,,,,,K,19,,DED,0371987,F1,X,15.60.31.1,3H,,,,,
,,,,,,,,,,K,19,,DED,0371987,F1,X,15.60.32.1,3D,,,,,
,,,,,,,,,,K,19,,DED,0371987,F1,X,15.60.32.1,3H,,,,,
,,,,,,,,,,A,20,,DFC,0370205,Z0,,14.18.06.1,3C,,,,,
,,,,,,,,,,A,20,,DFC,0370205,Z0,,14.18.06.1,3E,,,,,
,,,,,,,,,,A,20,,DFC,0370205,Z0,,14.18.06.1,3G,,,,,
,,,,,,,,,,A,20,,DFC,0370205,Z0,,14.18.06.1,4I,,,,,
,,,,,,,,,,B,20,,DAW,0370083,Z0,,15.41.12.1,3H,,,,,
,,,,,,,,,,B,20,,DAW,0370083,Z0,,16.17.01.1,3B,,,,,
,,,,,,,,,,B,20,,DAW,0370083,Z0,,16.17.01.1,3E,,,,,
,,,,,,,,,,C,20,,DEA,0371941,,,15.30.07.1,3A,,,,4,Identified Using Sheet
,,,,,,,,,,C,20,,DEA,0371941,,,15.30.08.1,3A,,,,4,Identified Using Sheet
,,,,,,,,,,C,20,,DEA,0371941,,,15.30.10.1,2I,,,,4,Identified Using Sheet
,,,,,,,,,,C,20,,DEA,0371941,,,15.38.02.1,2E,,,,4,Identified Using Sheet
,,,,,,,,,,C,20,,DEA,0371941,,,15.38.02.1,2I,,,,4,Identified Using Sheet
,,,,,,,,,,D,20,,AEK,0370215,,,15.39.07.1,3D,,,,,
,,,,,,,,,,D,20,,AEK,0370215,,,15.39.08.1,3D,,,,,
,,,,,,,,,,D,20,,AEK,0370215,,,15.39.08.1,3E,,,,,
,,,,,,,,,,D,20,,AEK,0370215,,,15.50.03.1,1E,,,,,
,,,,,,,,,,E,20,,DFE,0370201,,,15.49.01.1,1A,,,,,
,,,,,,,,,,E,20,,DFE,0370201,,,15.49.01.1,4A,,,,,
,,,,,,,,,,E,20,,DFE,0370201,,,15.49.01.1,4B,,,,,
,,,,,,,,,,E,20,,DFE,0370201,,,15.49.01.1,4D,,,,,
,,,,,,,,,,F,20,,DEA,0371941,,,15.50.01.1,,X,253453,,,Not Present On Sheet
,,,,,,,,,,F,20,,DEA,0371941,,,15.50.02.1,,X,253453,,,Not Present On Sheet
,,,,,,,,,,F,20,,DEA,0371941,,,15.50.03.1,,X,253453,,,Not Present On Sheet
,,,,,,,,,,F,20,,DEA,0371941,,,15.50.04.1,,X,253453,,,Not Present On Sheet
,,,,,,,,,,F,20,,DEA,0371941,,,15.50.05.1,,X,253453,,,Not Present On Sheet
,,,,,,,,,,F,20,,DEA,0371941,,,15.50.06.1,,X,253453,,,Not Present On Sheet
,,,,,,,,,,G,20,,DPH,0372109,,,15.49.01.1,1I,,,,,
,,,,,,,,,,G,20,,DPH,0372109,,,15.49.05.01,1F,,,,,
,,,,,,,,,,G,20,,DPH,0372109,,,15.49.05.1,4H,,,,,
,,,,,,,,,,H,20,,DFE,0370201,,,15.49.03.1,2F,,,,,
,,,,,,,,,,H,20,,DFE,0370201,,,15.49.03.1,2G,,,,,
,,,,,,,,,,H,20,,DFE,0370201,,,15.49.05.1,5F,,,,,
,,,,,,,,,,H,20,,DFE,0370201,,,15.49.05.1,5G,,,,,
,,,,,,,,,,J,20,,DFD,0370204,,,15.60.25.1,2B,,,,,Identified Using Sheet
,,,,,,,,,,J,20,,DFD,0370204,,,15.60.25.1,3B,,,,,
,,,,,,,,,,J,20,,DFD,0370204,,,15.60.25.1,4B,,,,,
,,,,,,,,,,J,20,,DFD,0370204,,,15.60.26.1,2B,,,,,
,,,,,,,,,,J,20,,DFD,0370204,,,15.60.26.1,3B,,,,,
,,,,,,,,,,J,20,,DFD,0370204,,,15.60.26.1,4B,,,,,
,,,,,,,,,,K,20,,DED,0371987,M0,,15.60.33.1,3B,,,,4,
,,,,,,,,,,K,20,,DED,0371987,M0,,15.60.33.1,3F,,,,4,Verified Using Sheet
,,,,,,,,,,K,20,,DED,0371987,M0,,15.60.34.1,1C,,,,4,
,,,,,,,,,,A,21,,DAC,0371951,Z0,,14.18.06.1,3I,,,,,
,,,,,,,,,,A,21,,DAC,0371951,Z0,,14.18.07.1,5B,,,,,
,,,,,,,,,,A,21,,DAC,0371951,Z0,,14.18.07.1,5D,,,,,
,,,,,,,,,,B,21,,DFE,0370201,,,15.39.06.1,5D,,,,,
,,,,,,,,,,B,21,,DFE,0370201,,,15.49.05.1,3B,,,,,
,,,,,,,,,,B,21,,DFE,0370201,,,15.49.05.1,3C,,,,,
,,,,,,,,,,B,21,,DFE,0370201,,,16.17.02.1,3F,,,,,
,,,,,,,,,,C,21,,TAU,0370129,Z0,,14.18.03.1,1F,,,,5,
,,,,,,,,,,C,21,,TAU,0370129,Z0,,14.18.03.1,2E,,,,5,
,,,,,,,,,,C,21,,TAU,0370129,Z0,,14.18.21.1,5A,,,,5,
,,,,,,,,,,C,21,,TAU,0370129,Z0,,16.17.01.1,3C,,,,5,
,,,,,,,,,,D,21,,AEK,0370215,,,15.39.01.1,2G,,,,,
,,,,,,,,,,D,21,,AEK,0370215,,,15.39.02.1,2G,,,,,
,,,,,,,,,,D,21,,AEK,0370215,,,15.39.03.1,2G,,,,,
,,,,,,,,,,E,21,,TFY,0370888,,,15.49.02.1,4G,,,,,Identified Using Sheet (1414 2nd Channel Only)
,,,,,,,,,,E,21,,TFY,0370888,,,15.50.04.1,,X,253453,,,Not Present on Sheet
,,,,,,,,,,E,21,,TFY,0370888,,,15.50.04.1,,X,253453,,,Not Present on Sheet
,,,,,,,,,,E,21,,TFY,0370888,,,15.50.07.1,,X,253453,,,Not Present on Sheet
,,,,,,,,,,E,21,,TFY,0370888,,,15.60.04.1,2D,,,,,Identified Using Sheet
,,,,,,,,,,E,21,,TFY,0370888,,,15.60.05.1,2D,,,,,Identified Using Sheet
,,,,,,,,,,F,21,,YLF,0372293,,,15.41.10.1,4F,,,,,
,,,,,,,,,,F,21,,YLF,0372293,,,15.41.11.1,3B,,,,,
,,,,,,,,,,F,21,,YLF,0372293,,,15.41.11.1,3C,,,,,
,,,,,,,,,,G,21,,DMU,0370895,,,15.50.08.1,,X,253453,,,Not Present on Sheet
,,,,,,,,,,G,21,,DMU,0370895,,,15.50.09.1,2A,,,,,Identified Using Sheet
,,,,,,,,,,G,21,,DMU,0370895,,,15.50.09.1,5A,,,,,Identified Using Sheet
,,,,,,,,,,G,21,,DMU,0370895,,,15.50.09.1,1G,,,,,Identified Using Sheet
,,,,,,,,,,G,21,,DMU,0370895,,,15.50.09.1,5I,,,,,Identified Using Sheet
,,,,,,,,,,G,21,,DMU,0370895,,,15.50.10.1,5A,,,,,
,,,,,,,,,,H,21,,DFS,0370234,,,15.41.12.1,1G,X,253469,,6 7 2 4,Not Present on Sheet
,,,,,,,,,,H,21,,DFS,0370234,,,15.50.01.1,,X,253453,,6 7 2 4,Not Present on Sheet
,,,,,,,,,,H,21,,DFS,0370234,,,15.50.06.1,3C,,,,6 7 2 4,Identified Using Sheet
,,,,,,,,,,H,21,,DFS,0370234,,,15.60.07.1,1F,,,,6 7 2 4,Identified Using Sheet
,,,,,,,,,,J,21,,TAU,0370129,Z0,,15.41.12.1,4G,,,,5,
,,,,,,,,,,J,21,,TAU,0370129,Z0,,15.41.12.1,4H,,,,5,
,,,,,,,,,,J,21,,TAU,0370129,Z0,,15.49.01.1,3A,,,,5,
,,,,,,,,,,J,21,,TAU,0370129,Z0,,15.60.26.1,4C,,,,5,
,,,,,,,,,,K,21,,DED,0371987,B1,,15.60.33.1,3C,,,,4,
,,,,,,,,,,K,21,,DED,0371987,B1,,15.60.33.1,3G,,,,4,
,,,,,,,,,,K,21,,DED,0371987,B1,,15.60.34.1,1E,,,,4,
,,,,,,,,,,A,22,,TAU,0370129,Z0,,14.18.07.1,5C,,,,5,
,,,,,,,,,,A,22,,TAU,0370129,Z0,,14.18.07.1,5E,,,,5,
,,,,,,,,,,A,22,,TAU,0370129,Z0,,14.18.07.1,5G,,,,5,
,,,,,,,,,,A,22,,TAU,0370129,Z0,,15.49.01.1,5D,,,,5,
,,,,,,,,,,B,22,,DAW,0370083,Z0,,16.17.02.1,3B,,,,,
,,,,,,,,,,B,22,,DAW,0370083,Z0,,16.17.02.1,3G,,,,,
,,,,,,,,,,B,22,,DAW,0370083,Z0,,16.17.03.1,3E,,,,,
,,,,,,,,,,C,22,,DES,0370202,,,15.38.01.1,4I,,,,,Identified Using Sheet
,,,,,,,,,,C,22,,DES,0370202,,,15.39.04.1,4B,,,,,Identified Using Sheet
,,,,,,,,,,C,22,,DES,0370202,,,15.39.04.1,5B,,,,,Identified Using Sheet
,,,,,,,,,,C,22,,DES,0370202,,,15.39.04.1,5C,,,,,Identified Using Sheet
,,,,,,,,,,C,22,,DES,0370202,,,15.49.05.1,4G,,,,,Identified Using Sheet
,,,,,,,,,,D,22,,AEK,0370215,,,15.39.04.1,2G,,,,,
,,,,,,,,,,D,22,,AEK,0370215,,,15.39.05.1,2G,,,,,
,,,,,,,,,,D,22,,AEK,0370215,,,15.39.06.1,2G,,,,,
,,,,,,,,,,E,22,,TAU,0370129,,,15.49.01.1,4C,,,,,
,,,,,,,,,,E,22,,TAU,0370129,,,15.49.03.1,4C,,,,,
,,,,,,,,,,E,22,,TAU,0370129,,,15.49.06.1,3B,,,,,
,,,,,,,,,,E,22,,TAU,0370129,,,15.50.02.1,5C,,,,,
,,,,,,,,,,F,22,,DEQ,0370212,,,15.38.01.1,3C,,,,,Identified Using Sheet
,,,,,,,,,,F,22,,DEQ,0370212,,,15.38.01.1,1C,,,,,Identified Using Sheet
,,,,,,,,,,F,22,,DEQ,0370212,,,15.49.02.1,5H,,,,,Identified Using Sheet
,,,,,,,,,,F,22,,DEQ,0370212,,,15.49.02.1,4H,,,,,Identified Using Sheet
,,,,,,,,,,F,22,,DEQ,0370212,,,15.49.06.1,3C,,,,,Identified Using Sheet
,,,,,,,,,,F,22,,DEQ,0370212,,,15.49.06.1,4C,,,,,Identified Using Sheet
,,,,,,,,,,G,22,,DMU,0370895,,,15.49.05.1,2D,,,,,Identified Using Sheet
,,,,,,,,,,G,22,,DMU,0370895,,,15.49.05.1,4E,,,,,Identified Using Sheet
,,,,,,,,,,G,22,,DMU,0370895,,,15.50.10.1,5C,,,,,Identified Using Sheet
,,,,,,,,,,G,22,,DMU,0370895,,,15.50.10.1,5G,,,,,Identified Using Sheet
,,,,,,,,,,G,22,,DMU,0370895,,,15.50.10.1,4B,,,,,Identified Using Sheet
,,,,,,,,,,G,22,,DMU,0370895,,,15.50.10.1,4F,,,,,Identified Using Sheet
,,,,,,,,,,H,22,,DES,0370202,,,15.30.10.1,3H,,,,,Identified Using Sheet
,,,,,,,,,,H,22,,DES,0370202,,,15.30.10.1,4G,,,,,Identified Using Sheet
,,,,,,,,,,H,22,,DES,0370202,,,15.30.10.1,4I,,,,,Identified Using Sheet
,,,,,,,,,,H,22,,DES,0370202,,,15.30.10.1,5F,,,,,Identified Using Sheet
,,,,,,,,,,H,22,,DES,0370202,,,15.30.10.1,5H,,,,,Identified Using Sheet
,,,,,,,,,,J,22,,DFD,0370204,,,15.60.27.1,2B,,,,,Identified Using Sheet
,,,,,,,,,,J,22,,DFD,0370204,,,15.60.27.1,3B,,,,,Identified Using Sheet
,,,,,,,,,,J,22,,DFD,0370204,,,15.60.27.1,4B,,,,,Identified Using Sheet
,,,,,,,,,,J,22,,DFD,0370204,,,15.60.28.1,2B,,,,,Identified Using Sheet
,,,,,,,,,,J,22,,DFD,0370204,,,15.60.28.1,3B,,,,,Identified Using Sheet
,,,,,,,,,,J,22,,DFD,0370204,,,15.60.28.1,4B,,,,,Identified Using Sheet
,,,,,,,,,,K,22,,DED,0371987,F1,,15.60.33.1,3D,,,,,
,,,,,,,,,,K,22,,DED,0371987,F1,,15.60.33.1,3H,,,,,
,,,,,,,,,,K,22,,DED,0371987,F1,,15.60.34.1,1F,,,,,
,,,,,,,,,,K,22,,DED,0371987,F1,,15.60.34.1,1G,,,,,
,,,,,,,,,,A,23,,DAC,0371951,Z0,,14.18.07.1,4E,,,,,Verified Using Sheet
,,,,,,,,,,A,23,,DAC,0371951,Z0,,14.18.08.1,5E,,,,,
,,,,,,,,,,A,23,,DAC,0371951,Z0,,14.18.08.1,5G,,,,,
,,,,,,,,,,B,23,,DAW,0370083,,,15.49.05.1,4F,,,,,
,,,,,,,,,,B,23,,DAW,0370083,,,15.50.05.1,4B,,,,,
,,,,,,,,,,B,23,,DAW,0370083,,,15.60.05.1,2C,,,,,
,,,,,,,,,,B,23,,DAW,0370083,,,16.17.02.1,3D,,,,,
,,,,,,,,,,C,23,,DES,0370202,,,15.39.04.1,5E,,,,,Identified Using Sheet
,,,,,,,,,,C,23,,DES,0370202,,,15.39.05.1,4B,,,,,Identified Using Sheet
,,,,,,,,,,C,23,,DES,0370202,,,15.39.05.1,5B,,,,,Identified Using Sheet
,,,,,,,,,,C,23,,DES,0370202,,,15.39.05.1,5C,,,,,Identified Using Sheet
,,,,,,,,,,C,23,,DES,0370202,,,15.49.05.1,4C,,,,,Identified Using Sheet
,,,,,,,,,,D,23,,AEK,0370215,,,15.39.07.1,2D,,,,,
,,,,,,,,,,D,23,,AEK,0370215,,,15.39.08.1,2G,,,,,
,,,,,,,,,,D,23,,AEK,0370215,,,15.50.01.1,1E,,,,,
,,,,,,,,,,E,23,,DAC,0371951,,,14.18.03.1,4I,,,,,
,,,,,,,,,,E,23,,DAC,0371951,,,15.49.02.1,2D,,,,,
,,,,,,,,,,E,23,,DAC,0371951,,,15.49.02.1,3C,,,,,
,,,,,,,,,,E,23,,DAC,0371951,,,15.49.06.1,5C,,,,,
,,,,,,,,,,F,23,,DFK,0370231,,,15.41.10.1,1E,,,,,Identified Using Sheet
,,,,,,,,,,F,23,,DFK,0370231,,,15.49.03.1,1F,,,,,Identified Using Sheet
,,,,,,,,,,F,23,,DFK,0370231,,,15.49.06.1,3H,,,,,Identified Using Sheet
,,,,,,,,,,F,23,,DFK,0370231,,,15.50.09.1,1D,,,,,Identified Using Sheet
,,,,,,,,,,F,23,,DFK,0370231,,,15.50.09.1,1I,,,,,Identified Using Sheet
,,,,,,,,,,F,23,,DFK,0370231,,,16.16.01.1,2G,,,,,Identified Using Sheet
,,,,,,,,,,G,23,,DND,0372127,Z0,,15.49.01.1,1F,,,,,
,,,,,,,,,,G,23,,DND,0372127,Z0,,15.49.05.1,3I,,,,,
,,,,,,,,,,G,23,,DND,0372127,Z0,,15.49.05.1,4I,,,,,
,,,,,,,,,,H,23,,DAX,0370084,,,14.18.17.1,3A,,,,1 2 5,
,,,,,,,,,,H,23,,DAX,0370084,,,15.49.06.1,4H,,,,1 2 5,Identified Using Sheet
,,,,,,,,,,H,23,,DAX,0370084,,,15.60.07.1,2G,,,,1 2 5,
,,,,,,,,,,H,23,,DAX,0370084,,,15.60.09.1,5A,,,,1 2 5,
,,,,,,,,,,J,23,,DFC,0370205,,,15.60.27.1,4E,,,,,
,,,,,,,,,,J,23,,DFC,0370205,,,15.60.27.1,4F,,,,,
,,,,,,,,,,J,23,,DFC,0370205,,,15.60.27.1,4G,,,,,
,,,,,,,,,,J,23,,DFC,0370205,,,15.60.27.1,4H,,,,,
,,,,,,,,,,K,23,,RESERVED,,,X,,,,,,SPEC ENG,
,,,,,,,,,,A,24,,TAU,0370129,Z0,,14.18.05.1,4G,,,,,
,,,,,,,,,,A,24,,TAU,0370129,Z0,,14.18.08.1,4F,,,,,
,,,,,,,,,,A,24,,TAU,0370129,Z0,,14.18.21.1,5E,,,,,
,,,,,,,,,,A,24,,TAU,0370129,Z0,,15.49.04.1,4F,,,,,
,,,,,,,,,,B,24,,DAC,0371951,,,15.60.09.1,4B,,,,,
,,,,,,,,,,B,24,,DAC,0371951,,,16.17.03.1,3D,,,,,
,,,,,,,,,,B,24,,DAC,0371951,,,16.17.03.1,3G,,,,,
,,,,,,,,,,C,24,,DES,0370202,,,15.39.05.1,5D,,,,,Identified Using Sheet
,,,,,,,,,,C,24,,DES,0370202,,,15.39.06.1,4B,,,,,Identified Using Sheet
,,,,,,,,,,C,24,,DES,0370202,,,15.39.06.1,5B,,,,,Identified Using Sheet
,,,,,,,,,,C,24,,DES,0370202,,,15.39.06.1,4C,,,,,Identified Using Sheet
,,,,,,,,,,C,24,,DES,0370202,,,16.17.01.1,3D,,,,,Identified Using Sheet
,,,,,,,,,,D,24,,DEA,0371941,,,15.39.01.1,2A,,,,,Identified Using Sheet
,,,,,,,,,,D,24,,DEA,0371941,,,15.39.02.1,2A,,,,,Identified Using Sheet
,,,,,,,,,,D,24,,DEA,0371941,,,15.39.03.1,2A,,,,,Identified Using Sheet
,,,,,,,,,,D,24,,DEA,0371941,,,15.39.04.1,2A,,,,,Identified Using Sheet
,,,,,,,,,,D,24,,DEA,0371941,,,15.39.05.1,2A,,,,,Identified Using Sheet
,,,,,,,,,,D,24,,DEA,0371941,,,15.39.06.1,2A,,,,,Identified Using Sheet
,,,,,,,,,,E,24,,DFE,0370201,,,15.49.03.1,2A,,,,,
,,,,,,,,,,E,24,,DFE,0370201,,,15.49.03.1,2C,,,,,
,,,,,,,,,,E,24,,DFE,0370201,,,15.49.03.1,4D,,,,,
,,,,,,,,,,E,24,,DFE,0370201,,,15.49.03.1,4G,,,,,
,,,,,,,,,,F,24,,DAC,0371951,,,15.49.01.1,5B,,,,,
,,,,,,,,,,F,24,,DAC,0371951,,,15.49.02.1,3D,,,,,
,,,,,,,,,,F,24,,DAC,0371951,,,15.49.04.1,2C,,,,,
,,,,,,,,,,F,24,,DAC,0371951,,,15.49.04.1,4C,,,,,
,,,,,,,,,,G,24,,DMP,0370891,,,15.49.01.1,1C,,,,,
,,,,,,,,,,G,24,,DMP,0370891,,,15.49.05.1,1A,,,,,
,,,,,,,,,,G,24,,DMP,0370891,,,15.49.05.1,4D,,,,,
,,,,,,,,,,H,24,,DAC,0371951,,,15.19.03.1,2E,,,,,
,,,,,,,,,,H,24,,DAC,0371951,,,15.49.04.1,2H,,,,,
,,,,,,,,,,H,24,,DAC,0371951,,,15.49.04.1,4H,,,,,
,,,,,,,,,,J,24,,DFA,0370224,,,15.60.28.1,1F,,,,3 4,
,,,,,,,,,,J,24,,DFA,0370224,,,15.60.28.1,1G,,,,3 4,
,,,,,,,,,,J,24,,DFA,0370224,,,15.60.28.1,2G,,,,3 4,
,,,,,,,,,,J,24,,DFA,0370224,,,15.60.28.1,3G,,,,3 4,
,,,,,,,,,,K,24,,RESERVED,,,X,,,,,,SPEC ENG,
,,,,,,,,,,A,25,,DAC,0371951,Z0,,14.18.17.1,5B,,,,,
,,,,,,,,,,A,25,,DAC,0371951,Z0,,14.18.17.1,5C,,,,,
,,,,,,,,,,A,25,,DAC,0371951,Z0,,14.18.17.1,5H,,,,,
,,,,,,,,,,B,25,,DEQ,0370212,Z0,,14.18.17.1,4A,,,,,Identified Using Sheet
,,,,,,,,,,B,25,,DEQ,0370212,Z0,,14.18.17.1,5A,,,,,Identified Using Sheet
,,,,,,,,,,B,25,,DEQ,0370212,Z0,,14.18.17.1,4D,,,,,Identified Using Sheet
,,,,,,,,,,B,25,,DEQ,0370212,Z0,,14.18.17.1,5D,,,,,Identified Using Sheet
,,,,,,,,,,C,25,,AET,0370255,,,15.60.01.1,3I,,,,8,Identified Using Sheet
,,,,,,,,,,C,25,,AET,0370255,,,15.60.02.1,3H,,,,8,Identified Using Sheet
,,,,,,,,,,C,25,,AET,0370255,,,15.60.02.1,3I,,,,8,Identified Using Sheet
,,,,,,,,,,C,25,,AET,0370255,,,15.60.03.1,3H,,,,8,Identified Using Sheet
,,,,,,,,,,C,25,,AET,0370255,,,15.60.03.1,3I,,,,8,Identified Using Sheet
,,,,,,,,,,C,25,,AET,0370255,,,15.60.04.1,3H,,,,8,Identified Using Sheet
,,,,,,,,,,C,25,,AET,0370255,,,15.60.04.1,3I,,,,8,Identified Using Sheet
,,,,,,,,,,C,25,,AET,0370255,,,15.60.05.1,3I,,,,8,Identified Using Sheet
,,,,,,,,,,D,25,,DAW,0370083,,,15.50.02.1,4G,,,,,
,,,,,,,,,,D,25,,DAW,0370083,,,15.50.03.1,4G,,,,,
,,,,,,,,,,D,25,,DAW,0370083,,,15.50.09.1,1H,,,,,
,,,,,,,,,,E,25,,DFE,0370201,,,15.49.04.1,2E,,,,,
,,,,,,,,,,E,25,,DFE,0370201,,,15.49.04.1,2G,,,,,
,,,,,,,,,,E,25,,DFE,0370201,,,15.49.04.1,4G,,,,,
,,,,,,,,,,E,25,,DFE,0370201,,,15.49.04.1,4I,,,,,
,,,,,,,,,,F,25,,DAC,0371951,,,15.49.01.1,2B,,,,,
,,,,,,,,,,F,25,,DAC,0371951,,,15.49.01.1,2E,,,,,
,,,,,,,,,,F,25,,DAC,0371951,,,15.49.01.1,2F,,,,,
,,,,,,,,,,G,25,,YLK,0372262,,,15.50.09.1,3A,,,,,Identified Using Sheet
,,,,,,,,,,G,25,,YLK,0372262,,,15.50.09.1,3D,,,,,Identified Using Sheet
,,,,,,,,,,G,25,,YLK,0372262,,,15.50.09.1,2G,,,,,Identified Using Sheet
,,,,,,,,,,G,25,,YLK,0372262,,,15.50.09.1,3G,,,,,Identified Using Sheet
,,,,,,,,,,G,25,,YLK,0372262,,,15.50.10.1,3D,,,,,Identified Using Sheet
,,,,,,,,,,G,25,,YLK,0372262,,,15.50.10.1,3H,,,,,Identified Using Sheet
,,,,,,,,,,H,25,,DAC,0371951,B1,,15.41.12.1,3F,,,,,
,,,,,,,,,,H,25,,DAC,0371951,B1,,15.49.02.1,5I,,,,,
,,,,,,,,,,J,25,,DFC,0370205,,,15.60.28.1,4E,,,,,
,,,,,,,,,,J,25,,DFC,0370205,,,15.60.28.1,4F,,,,,
,,,,,,,,,,J,25,,DFC,0370205,,,15.60.28.1,4G,,,,,
,,,,,,,,,,J,25,,DFC,0370205,,,15.60.28.1,4H,,,,,
,,,,,,,,,,K,25,,DFJ,0370232,,,15.50.01.1,,X,,,11 12,Present on sheet as 11C3G16
,,,,,,,,,,K,25,,DFJ,0370232,,,15.50.02.1,,X,,,11 12,Present on sheet as 11C3G16
,,,,,,,,,,K,25,,DFJ,0370232,,,15.50.03.1,,X,,,11 12,Present on sheet as 11C3G16
,,,,,,,,,,K,25,,DFJ,0370232,,,15.50.07.1,,X,,,11 12,Present on sheet as 11C3G16
,,,,,,,,,,A,26,,CONN,,,,11.04.02.3,,X,,,,
,,,,,,,,,,B,26,,DAW,0370083,Z0,,15.49.06.1,5H,,,,,
,,,,,,,,,,B,26,,DAW,0370083,Z0,,16.17.03.1,3B,X,253905,,,Changed from 16.17.03.1:3D to 3B Based on Sheet
,,,,,,,,,,B,26,,DAW,0370083,Z0,,16.17.03.1,3B,,251773,,,Changed from 16.17.03.1:3D to 3B Based on Sheet
,,,,,,,,,,B,26,,DAW,0370083,Z0,,16.17.03.1,3C,,,,,
,,,,,,,,,,C,26,,AET,0370255,,,14.71.30.1,3G,,,,8 11 12 *,Identified Using Sheet
,,,,,,,,,,C,26,,AET,0370255,,,15.49.06.1,3A,,,,8 11 12 *,Identified Using Sheet
,,,,,,,,,,C,26,,AET,0370255,,,15.60.01.1,3H,,,,8 11 12 *,Identified Using Sheet
,,,,,,,,,,D,26,,AJF,0370414,,,15.49.06.1,2A,,,,3 4 5 6 *,
,,,,,,,,,,D,26,,AJF,0370414,,,15.60.09.1,4C,,,,3 4 5 6 *,
,,,,,,,,,,D,26,,AJF,0370414,,,16.11.01.1,5D,,,,3 4 5 6 *,Identified Using Sheet
,,,,,,,,,,D,26,,AJF,0370414,,,16.12.01.1,3B,,,,3 4 5 6 *,Identified Using Sheet
,,,,,,,,,,E,26,,AEK,0370215,,,15.50.02.1,1E,,,,,
,,,,,,,,,,E,26,,AEK,0370215,,,15.50.04.1,1F,,,,,
,,,,,,,,,,E,26,,AEK,0370215,,,15.50.07.1,2F,,,,,
,,,,,,,,,,F,26,,TAU,0370129,,,15.49.01.1,4H,,,,5,
,,,,,,,,,,F,26,,TAU,0370129,,,15.49.02.1,2B,,,,5,
,,,,,,,,,,F,26,,TAU,0370129,,,15.50.01.1,5G,,,,5,
,,,,,,,,,,F,26,,TAU,0370129,,,15.60.28.1,3F,,,,5,
,,,,,,,,,,G,26,,CABL,,,,11.04.04.3,4E,,,,,
,,,,,,,,,,H,26,,DAC,0371951,,,15.60.09.1,2D,,,,,
,,,,,,,,,,H,26,,DAC,0371951,,,15.60.09.1,2E,,,,,
,,,,,,,,,,H,26,,DAC,0371951,,,15.60.09.1,5B,,,,,
,,,,,,,,,,J,26,,DFA,0370224,,,15.60.27.1,1F,,,,3 4,
,,,,,,,,,,J,26,,DFA,0370224,,,15.60.27.1,1G,,,,3 4,
,,,,,,,,,,J,26,,DFA,0370224,,,15.60.27.1,2F,,,,3 4,
,,,,,,,,,,J,26,,DFA,0370224,,,15.60.27.1,3F,,,,3 4,
,,,,,,,,,,K,26,,TFY,0370888,,,15.38.01.1,5H,,,,6,Identified Using Sheet
,,,,,,,,,,K,26,,TFY,0370888,,,15.41.12.1,,X,253469,,6,Not Present On Sheet
,,,,,,,,,,K,26,,TFY,0370888,,,15.49.01.1,2I,,,,6,Identified Using Sheet
,,,,,,,,,,K,26,,TFY,0370888,,,16.17.01.1,3G,,,,6,Identified Using Sheet
,,,,,,,,,,K,26,,TFY,0370888,,,16.17.03.1,3F,,,,6,Identified Using Sheet
,,,,,,,,,,A,27,,CONN,,,,11.04.04.3,1A,,,,,
,,,,,,,,,,B,27,,CONN,,,,11.04.04.3,3B,,,,,
,,,,,,,,,,C,27,,CONN,,,,11.04.04.3,1B,,,,,
,,,,,,,,,,D,27,,CONN,,,,11.04.04.3,3C,,,,,
,,,,,,,,,,E,27,,CONN,,,,11.04.04.3,5D,,,,,
,,,,,,,,,,F,27,,CONN,,,,11.04.04.3,2D,,,,,
,,,,,,,,,,G,27,,CONN,,,,11.04.04.3,3E,,,,,
,,,,,,,,,,H,27,,CONN,,,,11.04.04.3,1E,,,,,
,,,,,,,,,,J,27,,CONN,,,,11.04.04.3,4F,,,,,
,,,,,,,,,,K,27,,CONN,,,,11.04.04.3,2G,,,,,
,,,,,,,,,,A,28,,CONN,,,,11.04.04.3,5B,,,,,
,,,,,,,,,,B,28,,CONN,,,,11.04.04.3,2B,,,,,
,,,,,,,,,,C,28,,CONN,,,,11.04.04.3,5C,,,,,
,,,,,,,,,,D,28,,CONN,,,,11.04.04.3,2C,,,,,
,,,,,,,,,,E,28,,CONN,,,,11.04.04.3,4D,,,,,
,,,,,,,,,,F,28,,CONN,,,,11.04.04.3,1D,,,,,
,,,,,,,,,,G,28,,CONN,,,,11.04.04.3,2E,,,,,
,,,,,,,,,,H,28,,CONN,,,,11.04.04.3,5F,,,,,
,,,,,,,,,,J,28,,CONN,,,,11.04.04.3,3F,,,,,
,,,,,,,,,,K,28,,CONN,,,,11.04.04.3,1G,,,,,
